<?xml version="1.0" encoding="UTF-8"?>
<con:soapui-project id="5fd5eb2c-95a1-4a23-857b-fa3076c86ccf" activeEnvironment="Default" name="NWSC" soapui-version="5.8.0" abortOnError="false" runType="SEQUENTIAL" xmlns:con="http://eviware.com/soapui/config"><con:settings/><con:interface xsi:type="con:WsdlInterface" id="141311d1-13ba-4bdb-9ebe-16eb60880617" wsaVersion="NONE" name="NWSCBillingInterfaceSoap12" type="wsdl" bindingName="{http://NWSCBillingInterface/}NWSCBillingInterfaceSoap12" soapVersion="1_2" anonymous="optional" definition="https://mail.nwsc.co.ug/nwscbillinginterface/nwscbillinginterface.asmx?wsdl" xmlns:xsi="http://www.w3.org/2001/XMLSchema-instance"><con:settings/><con:definitionCache/><con:endpoints><con:endpoint>http://mail.nwsc.co.ug/nwscbillinginterface/nwscbillinginterface.asmx</con:endpoint></con:endpoints><con:operation id="7384509f-b6d9-4720-9738-0d65b2593365" isOneWay="false" action="http://NWSCBillingInterface/checkPrepaidFloatBalance" name="checkPrepaidFloatBalance" bindingOperationName="checkPrepaidFloatBalance" type="Request-Response" inputName="" receivesAttachments="false" sendsAttachments="false" anonymous="optional"><con:settings/><con:call id="09b58164-dde6-4338-954c-91f4fe980f39" name="Request 1"><con:settings/><con:encoding>UTF-8</con:encoding><con:endpoint>http://mail.nwsc.co.ug/nwscbillinginterface/nwscbillinginterface.asmx</con:endpoint><con:request><![CDATA[<soap:Envelope xmlns:soap="http://www.w3.org/2003/05/soap-envelope" xmlns:nws="http://NWSCBillingInterface/">\r
   <soap:Header/>\r
   <soap:Body>\r
      <nws:checkPrepaidFloatBalance>\r
         <!--Optional:-->\r
         <nws:vendorCode>?</nws:vendorCode>\r
         <!--Optional:-->\r
         <nws:password>?</nws:password>\r
      </nws:checkPrepaidFloatBalance>\r
   </soap:Body>\r
</soap:Envelope>]]></con:request><con:credentials><con:authType>No Authorization</con:authType></con:credentials><con:jmsConfig JMSDeliveryMode="PERSISTENT"/><con:jmsPropertyConfig/><con:wsaConfig mustUnderstand="NONE" version="200508" action="http://NWSCBillingInterface/NWSCBillingInterfaceSoap/checkPrepaidFloatBalanceRequest"/><con:wsrmConfig version="1.2"/></con:call></con:operation><con:operation id="79916f8a-ff56-423b-ab50-b658e5149536" isOneWay="false" action="http://NWSCBillingInterface/GetTransactionStatus" name="GetTransactionStatus" bindingOperationName="GetTransactionStatus" type="Request-Response" inputName="" receivesAttachments="false" sendsAttachments="false" anonymous="optional"><con:settings/><con:call id="ff5cec4d-3e88-4f7e-87e2-4faccc1c15d6" name="Request 1"><con:settings/><con:encoding>UTF-8</con:encoding><con:endpoint>http://mail.nwsc.co.ug/nwscbillinginterface/nwscbillinginterface.asmx</con:endpoint><con:request><![CDATA[<soap:Envelope xmlns:soap="http://www.w3.org/2003/05/soap-envelope" xmlns:nws="http://NWSCBillingInterface/">\r
   <soap:Header/>\r
   <soap:Body>\r
      <nws:GetTransactionStatus>\r
         <!--Optional:-->\r
         <nws:vendorCode>?</nws:vendorCode>\r
         <!--Optional:-->\r
         <nws:password>?</nws:password>\r
         <!--Optional:-->\r
         <nws:TransactionRef>?</nws:TransactionRef>\r
      </nws:GetTransactionStatus>\r
   </soap:Body>\r
</soap:Envelope>]]></con:request><con:credentials><con:authType>No Authorization</con:authType></con:credentials><con:jmsConfig JMSDeliveryMode="PERSISTENT"/><con:jmsPropertyConfig/><con:wsaConfig mustUnderstand="NONE" version="200508" action="http://NWSCBillingInterface/NWSCBillingInterfaceSoap/GetTransactionStatusRequest"/><con:wsrmConfig version="1.2"/></con:call></con:operation><con:operation id="13fa2c22-3d5e-41e4-b820-20ec154cc3d5" isOneWay="false" action="http://NWSCBillingInterface/postChequeTransactions" name="postChequeTransactions" bindingOperationName="postChequeTransactions" type="Request-Response" inputName="" receivesAttachments="false" sendsAttachments="false" anonymous="optional"><con:settings/><con:call id="aa2109c9-f485-4fad-8a0c-eb07b0b47d47" name="Request 1"><con:settings/><con:encoding>UTF-8</con:encoding><con:endpoint>http://mail.nwsc.co.ug/nwscbillinginterface/nwscbillinginterface.asmx</con:endpoint><con:request><![CDATA[<soap:Envelope xmlns:soap="http://www.w3.org/2003/05/soap-envelope" xmlns:nws="http://NWSCBillingInterface/">\r
   <soap:Header/>\r
   <soap:Body>\r
      <nws:postChequeTransactions>\r
         <!--Optional:-->\r
         <nws:custref>?</nws:custref>\r
         <!--Optional:-->\r
         <nws:custName>?</nws:custName>\r
         <!--Optional:-->\r
         <nws:area>?</nws:area>\r
         <!--Optional:-->\r
         <nws:customerTel>?</nws:customerTel>\r
         <nws:paymentDate>?</nws:paymentDate>\r
         <nws:transactionAmount>?</nws:transactionAmount>\r
         <!--Optional:-->\r
         <nws:vendorTransactionRef>?</nws:vendorTransactionRef>\r
         <!--Optional:-->\r
         <nws:chequeNumber>?</nws:chequeNumber>\r
         <!--Optional:-->\r
         <nws:narrative>?</nws:narrative>\r
         <!--Optional:-->\r
         <nws:vendorCode>?</nws:vendorCode>\r
         <!--Optional:-->\r
         <nws:password>?</nws:password>\r
      </nws:postChequeTransactions>\r
   </soap:Body>\r
</soap:Envelope>]]></con:request><con:wsaConfig mustUnderstand="NONE" version="200508" action="http://NWSCBillingInterface/NWSCBillingInterfaceSoap/postChequeTransactionsRequest"/></con:call></con:operation><con:operation id="b684ad0f-a938-4799-bc09-f56941ff13df" isOneWay="false" action="http://NWSCBillingInterface/postCustomerTransactionsWithArea" name="postCustomerTransactionsWithArea" bindingOperationName="postCustomerTransactionsWithArea" type="Request-Response" inputName="" receivesAttachments="false" sendsAttachments="false" anonymous="optional"><con:settings/><con:call id="c8c83f32-5eb1-4345-9f49-ca8a1be5f504" name="Request 1"><con:settings/><con:encoding>UTF-8</con:encoding><con:endpoint>http://mail.nwsc.co.ug/nwscbillinginterface/nwscbillinginterface.asmx</con:endpoint><con:request><![CDATA[<soap:Envelope xmlns:soap="http://www.w3.org/2003/05/soap-envelope" xmlns:nws="http://NWSCBillingInterface/">\r
   <soap:Header/>\r
   <soap:Body>\r
      <nws:postCustomerTransactionsWithArea>\r
         <!--Optional:-->\r
         <nws:custref>?</nws:custref>\r
         <!--Optional:-->\r
         <nws:custName>?</nws:custName>\r
         <!--Optional:-->\r
         <nws:area>?</nws:area>\r
         <!--Optional:-->\r
         <nws:customerTel>?</nws:customerTel>\r
         <nws:paymentDate>?</nws:paymentDate>\r
         <nws:transactionAmount>?</nws:transactionAmount>\r
         <!--Optional:-->\r
         <nws:vendorTransactionRef>?</nws:vendorTransactionRef>\r
         <!--Optional:-->\r
         <nws:transactionType>?</nws:transactionType>\r
         <!--Optional:-->\r
         <nws:vendorCode>?</nws:vendorCode>\r
         <!--Optional:-->\r
         <nws:password>?</nws:password>\r
      </nws:postCustomerTransactionsWithArea>\r
   </soap:Body>\r
</soap:Envelope>]]></con:request><con:wsaConfig mustUnderstand="NONE" version="200508" action="http://NWSCBillingInterface/NWSCBillingInterfaceSoap/postCustomerTransactionsWithAreaRequest"/></con:call></con:operation><con:operation id="62cbf49e-68b2-451b-b810-f801756d6435" isOneWay="false" action="http://NWSCBillingInterface/postEftTransactions" name="postEftTransactions" bindingOperationName="postEftTransactions" type="Request-Response" inputName="" receivesAttachments="false" sendsAttachments="false" anonymous="optional"><con:settings/><con:call id="a4efc4eb-af5c-4fac-b332-b70fca97ba35" name="Request 1"><con:settings/><con:encoding>UTF-8</con:encoding><con:endpoint>http://mail.nwsc.co.ug/nwscbillinginterface/nwscbillinginterface.asmx</con:endpoint><con:request><![CDATA[<soap:Envelope xmlns:soap="http://www.w3.org/2003/05/soap-envelope" xmlns:nws="http://NWSCBillingInterface/">\r
   <soap:Header/>\r
   <soap:Body>\r
      <nws:postEftTransactions>\r
         <!--Optional:-->\r
         <nws:custref>?</nws:custref>\r
         <!--Optional:-->\r
         <nws:custName>?</nws:custName>\r
         <nws:paymentDate>?</nws:paymentDate>\r
         <nws:transactionAmount>?</nws:transactionAmount>\r
         <!--Optional:-->\r
         <nws:vendorTransactionRef>?</nws:vendorTransactionRef>\r
         <!--Optional:-->\r
         <nws:narrative>?</nws:narrative>\r
         <!--Optional:-->\r
         <nws:vendorCode>?</nws:vendorCode>\r
         <!--Optional:-->\r
         <nws:password>?</nws:password>\r
      </nws:postEftTransactions>\r
   </soap:Body>\r
</soap:Envelope>]]></con:request><con:wsaConfig mustUnderstand="NONE" version="200508" action="http://NWSCBillingInterface/NWSCBillingInterfaceSoap/postEftTransactionsRequest"/></con:call></con:operation><con:operation id="99dcdcbf-2868-49c1-9333-3b712bc73f4e" isOneWay="false" action="http://NWSCBillingInterface/verifyCustomerDetailsWithArea" name="verifyCustomerDetailsWithArea" bindingOperationName="verifyCustomerDetailsWithArea" type="Request-Response" inputName="" receivesAttachments="false" sendsAttachments="false" anonymous="optional"><con:settings/><con:call id="b5a0687e-2975-4756-a72f-8132f5cfd048" name="Request 1"><con:settings/><con:encoding>UTF-8</con:encoding><con:endpoint>http://mail.nwsc.co.ug/nwscbillinginterface/nwscbillinginterface.asmx</con:endpoint><con:request><![CDATA[<soap:Envelope xmlns:soap="http://www.w3.org/2003/05/soap-envelope" xmlns:nws="http://NWSCBillingInterface/">\r
   <soap:Header/>\r
   <soap:Body>\r
      <nws:verifyCustomerDetailsWithArea>\r
         <!--Optional:-->\r
         <nws:custref>?</nws:custref>\r
         <!--Optional:-->\r
         <nws:area>?</nws:area>\r
         <!--Optional:-->\r
         <nws:vendorCode>?</nws:vendorCode>\r
         <!--Optional:-->\r
         <nws:password>?</nws:password>\r
      </nws:verifyCustomerDetailsWithArea>\r
   </soap:Body>\r
</soap:Envelope>]]></con:request><con:wsaConfig mustUnderstand="NONE" version="200508" action="http://NWSCBillingInterface/NWSCBillingInterfaceSoap/verifyCustomerDetailsWithAreaRequest"/></con:call></con:operation></con:interface><con:interface xsi:type="con:WsdlInterface" id="01363d62-da9f-44d3-81d1-223d39371bdd" wsaVersion="NONE" name="NWSCBillingInterfaceSoap" type="wsdl" bindingName="{http://NWSCBillingInterface/}NWSCBillingInterfaceSoap" soapVersion="1_1" anonymous="optional" definition="https://mail.nwsc.co.ug/nwscbillinginterface/nwscbillinginterface.asmx?wsdl" xmlns:xsi="http://www.w3.org/2001/XMLSchema-instance"><con:settings/><con:definitionCache type="TEXT" rootPart="https://mail.nwsc.co.ug/nwscbillinginterface/nwscbillinginterface.asmx?wsdl"><con:part><con:url>https://mail.nwsc.co.ug/nwscbillinginterface/nwscbillinginterface.asmx?wsdl</con:url><con:content><![CDATA[<wsdl:definitions targetNamespace="http://NWSCBillingInterface/" xmlns:tm="http://microsoft.com/wsdl/mime/textMatching/" xmlns:soapenc="http://schemas.xmlsoap.org/soap/encoding/" xmlns:mime="http://schemas.xmlsoap.org/wsdl/mime/" xmlns:tns="http://NWSCBillingInterface/" xmlns:soap="http://schemas.xmlsoap.org/wsdl/soap/" xmlns:s="http://www.w3.org/2001/XMLSchema" xmlns:soap12="http://schemas.xmlsoap.org/wsdl/soap12/" xmlns:http="http://schemas.xmlsoap.org/wsdl/http/" xmlns:wsdl="http://schemas.xmlsoap.org/wsdl/">
  <wsdl:types>
    <s:schema elementFormDefault="qualified" targetNamespace="http://NWSCBillingInterface/">
      <s:element name="verifyCustomerDetailsWithArea">
        <s:complexType>
          <s:sequence>
            <s:element minOccurs="0" maxOccurs="1" name="custref" type="s:string"/>
            <s:element minOccurs="0" maxOccurs="1" name="area" type="s:string"/>
            <s:element minOccurs="0" maxOccurs="1" name="vendorCode" type="s:string"/>
            <s:element minOccurs="0" maxOccurs="1" name="password" type="s:string"/>
          </s:sequence>
        </s:complexType>
      </s:element>
      <s:element name="verifyCustomerDetailsWithAreaResponse">
        <s:complexType>
          <s:sequence>
            <s:element minOccurs="0" maxOccurs="1" name="verifyCustomerDetailsWithAreaResult" type="tns:Customer"/>
          </s:sequence>
        </s:complexType>
      </s:element>
      <s:complexType name="Customer">
        <s:sequence>
          <s:element minOccurs="0" maxOccurs="1" name="CustRef" type="s:string"/>
          <s:element minOccurs="0" maxOccurs="1" name="PropertyRef" type="s:string"/>
          <s:element minOccurs="0" maxOccurs="1" name="CustName" type="s:string"/>
          <s:element minOccurs="0" maxOccurs="1" name="Area" type="s:string"/>
          <s:element minOccurs="1" maxOccurs="1" name="OutstandingBal" type="s:int"/>
          <s:element minOccurs="0" maxOccurs="1" name="CustomerError" type="s:string"/>
        </s:sequence>
      </s:complexType>
      <s:element name="postCustomerTransactionsWithArea">
        <s:complexType>
          <s:sequence>
            <s:element minOccurs="0" maxOccurs="1" name="custref" type="s:string"/>
            <s:element minOccurs="0" maxOccurs="1" name="custName" type="s:string"/>
            <s:element minOccurs="0" maxOccurs="1" name="area" type="s:string"/>
            <s:element minOccurs="0" maxOccurs="1" name="customerTel" type="s:string"/>
            <s:element minOccurs="1" maxOccurs="1" name="paymentDate" type="s:dateTime"/>
            <s:element minOccurs="1" maxOccurs="1" name="transactionAmount" type="s:int"/>
            <s:element minOccurs="0" maxOccurs="1" name="vendorTransactionRef" type="s:string"/>
            <s:element minOccurs="0" maxOccurs="1" name="transactionType" type="s:string"/>
            <s:element minOccurs="0" maxOccurs="1" name="vendorCode" type="s:string"/>
            <s:element minOccurs="0" maxOccurs="1" name="password" type="s:string"/>
          </s:sequence>
        </s:complexType>
      </s:element>
      <s:element name="postCustomerTransactionsWithAreaResponse">
        <s:complexType>
          <s:sequence>
            <s:element minOccurs="0" maxOccurs="1" name="postCustomerTransactionsWithAreaResult" type="tns:PostResponse"/>
          </s:sequence>
        </s:complexType>
      </s:element>
      <s:complexType name="PostResponse">
        <s:sequence>
          <s:element minOccurs="0" maxOccurs="1" name="Successful" type="s:string"/>
          <s:element minOccurs="0" maxOccurs="1" name="PostError" type="s:string"/>
          <s:element minOccurs="0" maxOccurs="1" name="TransactionId" type="s:string"/>
        </s:sequence>
      </s:complexType>
      <s:element name="postChequeTransactions">
        <s:complexType>
          <s:sequence>
            <s:element minOccurs="0" maxOccurs="1" name="custref" type="s:string"/>
            <s:element minOccurs="0" maxOccurs="1" name="custName" type="s:string"/>
            <s:element minOccurs="0" maxOccurs="1" name="area" type="s:string"/>
            <s:element minOccurs="0" maxOccurs="1" name="customerTel" type="s:string"/>
            <s:element minOccurs="1" maxOccurs="1" name="paymentDate" type="s:dateTime"/>
            <s:element minOccurs="1" maxOccurs="1" name="transactionAmount" type="s:int"/>
            <s:element minOccurs="0" maxOccurs="1" name="vendorTransactionRef" type="s:string"/>
            <s:element minOccurs="0" maxOccurs="1" name="chequeNumber" type="s:string"/>
            <s:element minOccurs="0" maxOccurs="1" name="narrative" type="s:string"/>
            <s:element minOccurs="0" maxOccurs="1" name="vendorCode" type="s:string"/>
            <s:element minOccurs="0" maxOccurs="1" name="password" type="s:string"/>
          </s:sequence>
        </s:complexType>
      </s:element>
      <s:element name="postChequeTransactionsResponse">
        <s:complexType>
          <s:sequence>
            <s:element minOccurs="0" maxOccurs="1" name="postChequeTransactionsResult" type="tns:PostResponse"/>
          </s:sequence>
        </s:complexType>
      </s:element>
      <s:element name="postEftTransactions">
        <s:complexType>
          <s:sequence>
            <s:element minOccurs="0" maxOccurs="1" name="custref" type="s:string"/>
            <s:element minOccurs="0" maxOccurs="1" name="custName" type="s:string"/>
            <s:element minOccurs="1" maxOccurs="1" name="paymentDate" type="s:dateTime"/>
            <s:element minOccurs="1" maxOccurs="1" name="transactionAmount" type="s:int"/>
            <s:element minOccurs="0" maxOccurs="1" name="vendorTransactionRef" type="s:string"/>
            <s:element minOccurs="0" maxOccurs="1" name="narrative" type="s:string"/>
            <s:element minOccurs="0" maxOccurs="1" name="vendorCode" type="s:string"/>
            <s:element minOccurs="0" maxOccurs="1" name="password" type="s:string"/>
          </s:sequence>
        </s:complexType>
      </s:element>
      <s:element name="postEftTransactionsResponse">
        <s:complexType>
          <s:sequence>
            <s:element minOccurs="0" maxOccurs="1" name="postEftTransactionsResult" type="tns:PostResponse"/>
          </s:sequence>
        </s:complexType>
      </s:element>
      <s:element name="checkPrepaidFloatBalance">
        <s:complexType>
          <s:sequence>
            <s:element minOccurs="0" maxOccurs="1" name="vendorCode" type="s:string"/>
            <s:element minOccurs="0" maxOccurs="1" name="password" type="s:string"/>
          </s:sequence>
        </s:complexType>
      </s:element>
      <s:element name="checkPrepaidFloatBalanceResponse">
        <s:complexType>
          <s:sequence>
            <s:element minOccurs="0" maxOccurs="1" name="checkPrepaidFloatBalanceResult" type="tns:Customer"/>
          </s:sequence>
        </s:complexType>
      </s:element>
      <s:element name="GetTransactionStatus">
        <s:complexType>
          <s:sequence>
            <s:element minOccurs="0" maxOccurs="1" name="vendorCode" type="s:string"/>
            <s:element minOccurs="0" maxOccurs="1" name="password" type="s:string"/>
            <s:element minOccurs="0" maxOccurs="1" name="TransactionRef" type="s:string"/>
          </s:sequence>
        </s:complexType>
      </s:element>
      <s:element name="GetTransactionStatusResponse">
        <s:complexType>
          <s:sequence>
            <s:element minOccurs="0" maxOccurs="1" name="GetTransactionStatusResult" type="tns:CustomerTransaction"/>
          </s:sequence>
        </s:complexType>
      </s:element>
      <s:complexType name="CustomerTransaction">
        <s:sequence>
          <s:element minOccurs="0" maxOccurs="1" name="CustRef" type="s:string"/>
          <s:element minOccurs="0" maxOccurs="1" name="CustName" type="s:string"/>
          <s:element minOccurs="0" maxOccurs="1" name="VendorRef" type="s:string"/>
          <s:element minOccurs="0" maxOccurs="1" name="PaymentDate" type="s:string"/>
          <s:element minOccurs="0" maxOccurs="1" name="RecordDate" type="s:string"/>
          <s:element minOccurs="0" maxOccurs="1" name="TransId" type="s:string"/>
          <s:element minOccurs="0" maxOccurs="1" name="Amount" type="s:string"/>
          <s:element minOccurs="0" maxOccurs="1" name="CustomerError" type="s:string"/>
          <s:element minOccurs="0" maxOccurs="1" name="PaymentChannel" type="s:string"/>
          <s:element minOccurs="0" maxOccurs="1" name="Area" type="s:string"/>
        </s:sequence>
      </s:complexType>
    </s:schema>
  </wsdl:types>
  <wsdl:message name="verifyCustomerDetailsWithAreaSoapIn">
    <wsdl:part name="parameters" element="tns:verifyCustomerDetailsWithArea"/>
  </wsdl:message>
  <wsdl:message name="verifyCustomerDetailsWithAreaSoapOut">
    <wsdl:part name="parameters" element="tns:verifyCustomerDetailsWithAreaResponse"/>
  </wsdl:message>
  <wsdl:message name="postCustomerTransactionsWithAreaSoapIn">
    <wsdl:part name="parameters" element="tns:postCustomerTransactionsWithArea"/>
  </wsdl:message>
  <wsdl:message name="postCustomerTransactionsWithAreaSoapOut">
    <wsdl:part name="parameters" element="tns:postCustomerTransactionsWithAreaResponse"/>
  </wsdl:message>
  <wsdl:message name="postChequeTransactionsSoapIn">
    <wsdl:part name="parameters" element="tns:postChequeTransactions"/>
  </wsdl:message>
  <wsdl:message name="postChequeTransactionsSoapOut">
    <wsdl:part name="parameters" element="tns:postChequeTransactionsResponse"/>
  </wsdl:message>
  <wsdl:message name="postEftTransactionsSoapIn">
    <wsdl:part name="parameters" element="tns:postEftTransactions"/>
  </wsdl:message>
  <wsdl:message name="postEftTransactionsSoapOut">
    <wsdl:part name="parameters" element="tns:postEftTransactionsResponse"/>
  </wsdl:message>
  <wsdl:message name="checkPrepaidFloatBalanceSoapIn">
    <wsdl:part name="parameters" element="tns:checkPrepaidFloatBalance"/>
  </wsdl:message>
  <wsdl:message name="checkPrepaidFloatBalanceSoapOut">
    <wsdl:part name="parameters" element="tns:checkPrepaidFloatBalanceResponse"/>
  </wsdl:message>
  <wsdl:message name="GetTransactionStatusSoapIn">
    <wsdl:part name="parameters" element="tns:GetTransactionStatus"/>
  </wsdl:message>
  <wsdl:message name="GetTransactionStatusSoapOut">
    <wsdl:part name="parameters" element="tns:GetTransactionStatusResponse"/>
  </wsdl:message>
  <wsdl:portType name="NWSCBillingInterfaceSoap">
    <wsdl:operation name="verifyCustomerDetailsWithArea">
      <wsdl:input message="tns:verifyCustomerDetailsWithAreaSoapIn"/>
      <wsdl:output message="tns:verifyCustomerDetailsWithAreaSoapOut"/>
    </wsdl:operation>
    <wsdl:operation name="postCustomerTransactionsWithArea">
      <wsdl:input message="tns:postCustomerTransactionsWithAreaSoapIn"/>
      <wsdl:output message="tns:postCustomerTransactionsWithAreaSoapOut"/>
    </wsdl:operation>
    <wsdl:operation name="postChequeTransactions">
      <wsdl:input message="tns:postChequeTransactionsSoapIn"/>
      <wsdl:output message="tns:postChequeTransactionsSoapOut"/>
    </wsdl:operation>
    <wsdl:operation name="postEftTransactions">
      <wsdl:input message="tns:postEftTransactionsSoapIn"/>
      <wsdl:output message="tns:postEftTransactionsSoapOut"/>
    </wsdl:operation>
    <wsdl:operation name="checkPrepaidFloatBalance">
      <wsdl:input message="tns:checkPrepaidFloatBalanceSoapIn"/>
      <wsdl:output message="tns:checkPrepaidFloatBalanceSoapOut"/>
    </wsdl:operation>
    <wsdl:operation name="GetTransactionStatus">
      <wsdl:input message="tns:GetTransactionStatusSoapIn"/>
      <wsdl:output message="tns:GetTransactionStatusSoapOut"/>
    </wsdl:operation>
  </wsdl:portType>
  <wsdl:binding name="NWSCBillingInterfaceSoap" type="tns:NWSCBillingInterfaceSoap">
    <soap:binding transport="http://schemas.xmlsoap.org/soap/http"/>
    <wsdl:operation name="verifyCustomerDetailsWithArea">
      <soap:operation soapAction="http://NWSCBillingInterface/verifyCustomerDetailsWithArea" style="document"/>
      <wsdl:input>
        <soap:body use="literal"/>
      </wsdl:input>
      <wsdl:output>
        <soap:body use="literal"/>
      </wsdl:output>
    </wsdl:operation>
    <wsdl:operation name="postCustomerTransactionsWithArea">
      <soap:operation soapAction="http://NWSCBillingInterface/postCustomerTransactionsWithArea" style="document"/>
      <wsdl:input>
        <soap:body use="literal"/>
      </wsdl:input>
      <wsdl:output>
        <soap:body use="literal"/>
      </wsdl:output>
    </wsdl:operation>
    <wsdl:operation name="postChequeTransactions">
      <soap:operation soapAction="http://NWSCBillingInterface/postChequeTransactions" style="document"/>
      <wsdl:input>
        <soap:body use="literal"/>
      </wsdl:input>
      <wsdl:output>
        <soap:body use="literal"/>
      </wsdl:output>
    </wsdl:operation>
    <wsdl:operation name="postEftTransactions">
      <soap:operation soapAction="http://NWSCBillingInterface/postEftTransactions" style="document"/>
      <wsdl:input>
        <soap:body use="literal"/>
      </wsdl:input>
      <wsdl:output>
        <soap:body use="literal"/>
      </wsdl:output>
    </wsdl:operation>
    <wsdl:operation name="checkPrepaidFloatBalance">
      <soap:operation soapAction="http://NWSCBillingInterface/checkPrepaidFloatBalance" style="document"/>
      <wsdl:input>
        <soap:body use="literal"/>
      </wsdl:input>
      <wsdl:output>
        <soap:body use="literal"/>
      </wsdl:output>
    </wsdl:operation>
    <wsdl:operation name="GetTransactionStatus">
      <soap:operation soapAction="http://NWSCBillingInterface/GetTransactionStatus" style="document"/>
      <wsdl:input>
        <soap:body use="literal"/>
      </wsdl:input>
      <wsdl:output>
        <soap:body use="literal"/>
      </wsdl:output>
    </wsdl:operation>
  </wsdl:binding>
  <wsdl:binding name="NWSCBillingInterfaceSoap12" type="tns:NWSCBillingInterfaceSoap">
    <soap12:binding transport="http://schemas.xmlsoap.org/soap/http"/>
    <wsdl:operation name="verifyCustomerDetailsWithArea">
      <soap12:operation soapAction="http://NWSCBillingInterface/verifyCustomerDetailsWithArea" style="document"/>
      <wsdl:input>
        <soap12:body use="literal"/>
      </wsdl:input>
      <wsdl:output>
        <soap12:body use="literal"/>
      </wsdl:output>
    </wsdl:operation>
    <wsdl:operation name="postCustomerTransactionsWithArea">
      <soap12:operation soapAction="http://NWSCBillingInterface/postCustomerTransactionsWithArea" style="document"/>
      <wsdl:input>
        <soap12:body use="literal"/>
      </wsdl:input>
      <wsdl:output>
        <soap12:body use="literal"/>
      </wsdl:output>
    </wsdl:operation>
    <wsdl:operation name="postChequeTransactions">
      <soap12:operation soapAction="http://NWSCBillingInterface/postChequeTransactions" style="document"/>
      <wsdl:input>
        <soap12:body use="literal"/>
      </wsdl:input>
      <wsdl:output>
        <soap12:body use="literal"/>
      </wsdl:output>
    </wsdl:operation>
    <wsdl:operation name="postEftTransactions">
      <soap12:operation soapAction="http://NWSCBillingInterface/postEftTransactions" style="document"/>
      <wsdl:input>
        <soap12:body use="literal"/>
      </wsdl:input>
      <wsdl:output>
        <soap12:body use="literal"/>
      </wsdl:output>
    </wsdl:operation>
    <wsdl:operation name="checkPrepaidFloatBalance">
      <soap12:operation soapAction="http://NWSCBillingInterface/checkPrepaidFloatBalance" style="document"/>
      <wsdl:input>
        <soap12:body use="literal"/>
      </wsdl:input>
      <wsdl:output>
        <soap12:body use="literal"/>
      </wsdl:output>
    </wsdl:operation>
    <wsdl:operation name="GetTransactionStatus">
      <soap12:operation soapAction="http://NWSCBillingInterface/GetTransactionStatus" style="document"/>
      <wsdl:input>
        <soap12:body use="literal"/>
      </wsdl:input>
      <wsdl:output>
        <soap12:body use="literal"/>
      </wsdl:output>
    </wsdl:operation>
  </wsdl:binding>
  <wsdl:service name="NWSCBillingInterface">
    <wsdl:port name="NWSCBillingInterfaceSoap" binding="tns:NWSCBillingInterfaceSoap">
      <soap:address location="http://mail.nwsc.co.ug/nwscbillinginterface/nwscbillinginterface.asmx"/>
    </wsdl:port>
    <wsdl:port name="NWSCBillingInterfaceSoap12" binding="tns:NWSCBillingInterfaceSoap12">
      <soap12:address location="http://mail.nwsc.co.ug/nwscbillinginterface/nwscbillinginterface.asmx"/>
    </wsdl:port>
  </wsdl:service>
</wsdl:definitions>]]></con:content><con:type>http://schemas.xmlsoap.org/wsdl/</con:type></con:part></con:definitionCache><con:endpoints><con:endpoint>http://mail.nwsc.co.ug/nwscbillinginterface/nwscbillinginterface.asmx</con:endpoint></con:endpoints><con:operation id="81cac1a4-dad0-4939-a4d9-59b717314be0" isOneWay="false" action="http://NWSCBillingInterface/checkPrepaidFloatBalance" name="checkPrepaidFloatBalance" bindingOperationName="checkPrepaidFloatBalance" type="Request-Response" inputName="" receivesAttachments="false" sendsAttachments="false" anonymous="optional"><con:settings/><con:call id="ba00884e-6313-4915-9b01-93c3ca5ad24a" name="Request 1"><con:settings/><con:encoding>UTF-8</con:encoding><con:endpoint>http://mail.nwsc.co.ug/nwscbillinginterface/nwscbillinginterface.asmx</con:endpoint><con:request><![CDATA[<soapenv:Envelope xmlns:soapenv="http://schemas.xmlsoap.org/soap/envelope/" xmlns:nws="http://NWSCBillingInterface/">\r
   <soapenv:Header/>\r
   <soapenv:Body>\r
      <nws:checkPrepaidFloatBalance>\r
         <!--Optional:-->\r
         <nws:vendorCode>?</nws:vendorCode>\r
         <!--Optional:-->\r
         <nws:password>?</nws:password>\r
      </nws:checkPrepaidFloatBalance>\r
   </soapenv:Body>\r
</soapenv:Envelope>]]></con:request><con:wsaConfig mustUnderstand="NONE" version="200508" action="http://NWSCBillingInterface/checkPrepaidFloatBalance"/></con:call></con:operation><con:operation id="7cb80389-52e9-4035-babb-7106b8d95267" isOneWay="false" action="http://NWSCBillingInterface/GetTransactionStatus" name="GetTransactionStatus" bindingOperationName="GetTransactionStatus" type="Request-Response" inputName="" receivesAttachments="false" sendsAttachments="false" anonymous="optional"><con:settings/><con:call id="7057076b-3aa4-4674-bdad-0614f0d8fc53" name="Request 1"><con:settings/><con:encoding>UTF-8</con:encoding><con:endpoint>http://mail.nwsc.co.ug/nwscbillinginterface/nwscbillinginterface.asmx</con:endpoint><con:request><![CDATA[<soapenv:Envelope xmlns:soapenv="http://schemas.xmlsoap.org/soap/envelope/" xmlns:nws="http://NWSCBillingInterface/">\r
   <soapenv:Header/>\r
   <soapenv:Body>\r
      <nws:GetTransactionStatus>\r
         <!--Optional:-->\r
         <nws:vendorCode>?</nws:vendorCode>\r
         <!--Optional:-->\r
         <nws:password>?</nws:password>\r
         <!--Optional:-->\r
         <nws:TransactionRef>?</nws:TransactionRef>\r
      </nws:GetTransactionStatus>\r
   </soapenv:Body>\r
</soapenv:Envelope>]]></con:request><con:wsaConfig mustUnderstand="NONE" version="200508" action="http://NWSCBillingInterface/GetTransactionStatus"/></con:call></con:operation><con:operation id="0af122a3-90e3-403b-8d3a-b39adbeaa5b5" isOneWay="false" action="http://NWSCBillingInterface/postChequeTransactions" name="postChequeTransactions" bindingOperationName="postChequeTransactions" type="Request-Response" inputName="" receivesAttachments="false" sendsAttachments="false" anonymous="optional"><con:settings/><con:call id="4b477839-e92c-4bc7-8c39-e2916ab13528" name="Request 1"><con:settings/><con:encoding>UTF-8</con:encoding><con:endpoint>http://mail.nwsc.co.ug/nwscbillinginterface/nwscbillinginterface.asmx</con:endpoint><con:request><![CDATA[<soapenv:Envelope xmlns:soapenv="http://schemas.xmlsoap.org/soap/envelope/" xmlns:nws="http://NWSCBillingInterface/">\r
   <soapenv:Header/>\r
   <soapenv:Body>\r
      <nws:postChequeTransactions>\r
         <!--Optional:-->\r
         <nws:custref>?</nws:custref>\r
         <!--Optional:-->\r
         <nws:custName>?</nws:custName>\r
         <!--Optional:-->\r
         <nws:area>?</nws:area>\r
         <!--Optional:-->\r
         <nws:customerTel>?</nws:customerTel>\r
         <nws:paymentDate>?</nws:paymentDate>\r
         <nws:transactionAmount>?</nws:transactionAmount>\r
         <!--Optional:-->\r
         <nws:vendorTransactionRef>?</nws:vendorTransactionRef>\r
         <!--Optional:-->\r
         <nws:chequeNumber>?</nws:chequeNumber>\r
         <!--Optional:-->\r
         <nws:narrative>?</nws:narrative>\r
         <!--Optional:-->\r
         <nws:vendorCode>?</nws:vendorCode>\r
         <!--Optional:-->\r
         <nws:password>?</nws:password>\r
      </nws:postChequeTransactions>\r
   </soapenv:Body>\r
</soapenv:Envelope>]]></con:request><con:wsaConfig mustUnderstand="NONE" version="200508" action="http://NWSCBillingInterface/postChequeTransactions"/></con:call></con:operation><con:operation id="fd6310ab-de8b-403b-82cb-49cb28c6e8e5" isOneWay="false" action="http://NWSCBillingInterface/postCustomerTransactionsWithArea" name="postCustomerTransactionsWithArea" bindingOperationName="postCustomerTransactionsWithArea" type="Request-Response" inputName="" receivesAttachments="false" sendsAttachments="false" anonymous="optional"><con:settings/><con:call id="198f9a3e-3d73-40e5-9453-47ed7ce8903d" name="Request 1"><con:settings/><con:encoding>UTF-8</con:encoding><con:endpoint>http://mail.nwsc.co.ug/nwscbillinginterface/nwscbillinginterface.asmx</con:endpoint><con:request><![CDATA[<soapenv:Envelope xmlns:soapenv="http://schemas.xmlsoap.org/soap/envelope/" xmlns:nws="http://NWSCBillingInterface/">\r
   <soapenv:Header/>\r
   <soapenv:Body>\r
      <nws:postCustomerTransactionsWithArea>\r
         <!--Optional:-->\r
         <nws:custref>?</nws:custref>\r
         <!--Optional:-->\r
         <nws:custName>?</nws:custName>\r
         <!--Optional:-->\r
         <nws:area>?</nws:area>\r
         <!--Optional:-->\r
         <nws:customerTel>?</nws:customerTel>\r
         <nws:paymentDate>?</nws:paymentDate>\r
         <nws:transactionAmount>?</nws:transactionAmount>\r
         <!--Optional:-->\r
         <nws:vendorTransactionRef>?</nws:vendorTransactionRef>\r
         <!--Optional:-->\r
         <nws:transactionType>?</nws:transactionType>\r
         <!--Optional:-->\r
         <nws:vendorCode>?</nws:vendorCode>\r
         <!--Optional:-->\r
         <nws:password>?</nws:password>\r
      </nws:postCustomerTransactionsWithArea>\r
   </soapenv:Body>\r
</soapenv:Envelope>]]></con:request><con:wsaConfig mustUnderstand="NONE" version="200508" action="http://NWSCBillingInterface/postCustomerTransactionsWithArea"/></con:call></con:operation><con:operation id="9a355f14-4bfe-446f-8bdd-4841425511a8" isOneWay="false" action="http://NWSCBillingInterface/postEftTransactions" name="postEftTransactions" bindingOperationName="postEftTransactions" type="Request-Response" inputName="" receivesAttachments="false" sendsAttachments="false" anonymous="optional"><con:settings/><con:call id="50ee808f-90fc-466c-8dd9-4db59af4fb80" name="Request 1"><con:settings/><con:encoding>UTF-8</con:encoding><con:endpoint>http://mail.nwsc.co.ug/nwscbillinginterface/nwscbillinginterface.asmx</con:endpoint><con:request><![CDATA[<soapenv:Envelope xmlns:soapenv="http://schemas.xmlsoap.org/soap/envelope/" xmlns:nws="http://NWSCBillingInterface/">\r
   <soapenv:Header/>\r
   <soapenv:Body>\r
      <nws:postEftTransactions>\r
         <!--Optional:-->\r
         <nws:custref>?</nws:custref>\r
         <!--Optional:-->\r
         <nws:custName>?</nws:custName>\r
         <nws:paymentDate>?</nws:paymentDate>\r
         <nws:transactionAmount>?</nws:transactionAmount>\r
         <!--Optional:-->\r
         <nws:vendorTransactionRef>?</nws:vendorTransactionRef>\r
         <!--Optional:-->\r
         <nws:narrative>?</nws:narrative>\r
         <!--Optional:-->\r
         <nws:vendorCode>?</nws:vendorCode>\r
         <!--Optional:-->\r
         <nws:password>?</nws:password>\r
      </nws:postEftTransactions>\r
   </soapenv:Body>\r
</soapenv:Envelope>]]></con:request><con:wsaConfig mustUnderstand="NONE" version="200508" action="http://NWSCBillingInterface/postEftTransactions"/></con:call></con:operation><con:operation id="c4ee0794-664a-405c-8435-2ae6a0d87ab0" isOneWay="false" action="http://NWSCBillingInterface/verifyCustomerDetailsWithArea" name="verifyCustomerDetailsWithArea" bindingOperationName="verifyCustomerDetailsWithArea" type="Request-Response" inputName="" receivesAttachments="false" sendsAttachments="false" anonymous="optional"><con:settings/><con:call id="736d3915-dc96-440d-bff0-b99385db3a70" name="Request 1"><con:settings><con:setting id="com.eviware.soapui.impl.wsdl.WsdlRequest@request-headers">&lt;xml-fragment/></con:setting></con:settings><con:encoding>UTF-8</con:encoding><con:endpoint>http://mail.nwsc.co.ug/nwscbillinginterface/nwscbillinginterface.asmx</con:endpoint><con:request><![CDATA[<soap:Envelope xmlns:xsi='http://www.w3.org/2001/XMLSchema-instance'
               xmlns:xsd='http://www.w3.org/2001/XMLSchema'
               xmlns:soap='http://www.w3.org/2003/05/soap-envelope'>
	<soap:Header xmlns:wsa='http://www.w3.org/2005/08/addressing'>
		<wsa:Action>http://NWSCBillingInterface/verifyCustomerDetailsWithArea</wsa:Action>
		<wsa:To>https://mail.nwsc.co.ug/nwscbillinginterface/nwscbillinginterface.asmx</wsa:To>
	</soap:Header>
	<soap:Body>
		<verifyCustomerDetailsWithArea xmlns='http://NWSCBillingInterface/'>
			<custref>Kampala</custref>
			<area>21117391 </area>
			<vendorCode>Barclays-Bank</vendorCode>
			<password>test36</password>
		</verifyCustomerDetailsWithArea>
	</soap:Body>
</soap:Envelope>]]></con:request><con:credentials><con:authType>No Authorization</con:authType></con:credentials><con:jmsConfig JMSDeliveryMode="PERSISTENT"/><con:jmsPropertyConfig/><con:wsaConfig mustUnderstand="NONE" version="200508" action="http://NWSCBillingInterface/verifyCustomerDetailsWithArea"/><con:wsrmConfig version="1.2"/></con:call></con:operation></con:interface><con:properties/><con:wssContainer/><con:oAuth2ProfileContainer/><con:oAuth1ProfileContainer/><con:sensitiveInformation/></con:soapui-project>