<?xml version="1.0" encoding="UTF-8"?>
<con:soapui-project id="76466936-01a8-4778-8016-f604e8400f60" activeEnvironment="Default" name="nssf" resourceRoot="" soapui-version="5.8.0" abortOnError="false" runType="SEQUENTIAL" xmlns:con="http://eviware.com/soapui/config"><con:settings/><con:interface xsi:type="con:WsdlInterface" id="166588aa-2399-42eb-8739-89f96a64bdb2" wsaVersion="NONE" name="RegBANKBinding" type="wsdl" bindingName="{http://www.talend.org/service/}RegBANKBinding" soapVersion="1_1" anonymous="optional" definition="file:/C:/_a_play_land/nssf.wsdl" xmlns:xsi="http://www.w3.org/2001/XMLSchema-instance"><con:settings/><con:definitionCache type="TEXT" rootPart="file:\C:\_a_play_land\nssf.wsdl"><con:part><con:url>file:\C:\_a_play_land\nssf.wsdl</con:url><con:content><![CDATA[<wsdl:definitions name="RegBANK" targetNamespace="http://www.talend.org/service/" xmlns:xsd="http://www.w3.org/2001/XMLSchema" xmlns:wsdl="http://schemas.xmlsoap.org/wsdl/" xmlns:tns="http://www.talend.org/service/" xmlns:soap="http://schemas.xmlsoap.org/wsdl/soap/">
  <wsdl:types>
    <xsd:schema targetNamespace="http://www.talend.org/service/">
      <xsd:element name="getTransactionRequest">
        <xsd:complexType>
          <xsd:sequence>
            <xsd:element name="api_key" type="xsd:string"/>
            <xsd:element name="signature" type="xsd:string"></xsd:element>
            <xsd:element name="transaction_number" type="xsd:string"></xsd:element>
          </xsd:sequence>
        </xsd:complexType>
      </xsd:element>
      <xsd:element name="getTransactionResponse">
        <xsd:complexType>
          <xsd:all>
            <xsd:element name="error_code" type="xsd:int"/>
            <xsd:element name="error_message" type="xsd:string"/>
            <xsd:element name="reference" type="xsd:string"/>
            <xsd:element name="upl_datetime" type="xsd:string"/>
            <xsd:element name="employer_no" type="xsd:string"/>
            <xsd:element name="employer" type="xsd:string"/>
            <xsd:element name="type" type="xsd:string"/>
            <xsd:element name="payment_method" type="xsd:string"/>
            <xsd:element name="period" type="xsd:string"/>
            <xsd:element name="total" type="xsd:string"/>
            <xsd:element name="allchqs" type="xsd:string"/>
            <xsd:element name="signature" type="xsd:string"/>
            <xsd:element name="timestamp" type="xsd:int"/>
          </xsd:all>
        </xsd:complexType>
      </xsd:element>
      <xsd:element name="setStatus">
        <xsd:complexType>
          <xsd:sequence>
            <xsd:element name="api_key" type="xsd:string"/>
            <xsd:element name="signature" type="xsd:string"></xsd:element>
            <xsd:element name="transaction_number" type="xsd:string"></xsd:element>
            <xsd:element name="status" type="xsd:int"></xsd:element>
            <xsd:element name="comment" type="xsd:string"></xsd:element>
          </xsd:sequence>
        </xsd:complexType>
      </xsd:element>
      <xsd:element name="setStatusResponse">
        <xsd:complexType>
          <xsd:all>
            <xsd:element name="error_code" type="xsd:int"/>
            <xsd:element name="error_message" type="xsd:string"/>
            <xsd:element name="reference" type="xsd:string"/>
            <xsd:element name="status" type="xsd:int"/>
            <xsd:element name="signature" type="xsd:string"/>
            <xsd:element name="timestamp" type="xsd:int"/>
          </xsd:all>
        </xsd:complexType>
      </xsd:element>
      <xsd:element name="checkStatus">
        <xsd:complexType>
          <xsd:sequence>
            <xsd:element name="api_key" type="xsd:string"/>
            <xsd:element name="signature" type="xsd:string"></xsd:element>
            <xsd:element name="phrase" type="xsd:string"></xsd:element>
          </xsd:sequence>
        </xsd:complexType>
      </xsd:element>
      <xsd:element name="checkStatusResponse">
        <xsd:complexType>
          <xsd:all>
            <xsd:element name="error_code" type="xsd:int"/>
            <xsd:element name="error_message" type="xsd:string"/>
            <xsd:element name="signature" type="xsd:string"/>
            <xsd:element name="timestamp" type="xsd:int"/>
          </xsd:all>
        </xsd:complexType>
      </xsd:element>
    </xsd:schema>
  </wsdl:types>
  <wsdl:message name="getTransactionResponse">
    <wsdl:part element="tns:getTransactionResponse" name="parameters"></wsdl:part>
  </wsdl:message>
  <wsdl:message name="checkStatusRequest">
    <wsdl:part element="tns:checkStatus" name="parameters"></wsdl:part>
  </wsdl:message>
  <wsdl:message name="getTransactionRequest">
    <wsdl:part element="tns:getTransactionRequest" name="parameters"></wsdl:part>
  </wsdl:message>
  <wsdl:message name="setStatusRequest">
    <wsdl:part element="tns:setStatus" name="parameters"></wsdl:part>
  </wsdl:message>
  <wsdl:message name="setStatusResponse">
    <wsdl:part element="tns:setStatusResponse" name="parameters"></wsdl:part>
  </wsdl:message>
  <wsdl:message name="checkStatusResponse">
    <wsdl:part element="tns:checkStatusResponse" name="parameters"></wsdl:part>
  </wsdl:message>
  <wsdl:portType name="RegBANKPortType">
    <wsdl:operation name="getTransaction">
      <wsdl:input message="tns:getTransactionRequest"></wsdl:input>
      <wsdl:output message="tns:getTransactionResponse"></wsdl:output>
    </wsdl:operation>
    <wsdl:operation name="setStatus">
      <wsdl:input message="tns:setStatusRequest"></wsdl:input>
      <wsdl:output message="tns:setStatusResponse"></wsdl:output>
    </wsdl:operation>
    <wsdl:operation name="checkStatus">
      <wsdl:input message="tns:checkStatusRequest"></wsdl:input>
      <wsdl:output message="tns:checkStatusResponse"></wsdl:output>
    </wsdl:operation>
  </wsdl:portType>
  <wsdl:binding name="RegBANKBinding" type="tns:RegBANKPortType">
    <soap:binding style="document" transport="http://schemas.xmlsoap.org/soap/http"/>
    <wsdl:operation name="getTransaction">
      <soap:operation soapAction="http://www.talend.org/service/getTransaction"/>
      <wsdl:input>
        <soap:body use="literal"/>
      </wsdl:input>
      <wsdl:output>
        <soap:body use="literal"/>
      </wsdl:output>
    </wsdl:operation>
    <wsdl:operation name="setStatus">
      <soap:operation soapAction="http://www.talend.org/service/setStatus"/>
      <wsdl:input>
        <soap:body use="literal"/>
      </wsdl:input>
      <wsdl:output>
        <soap:body use="literal"/>
      </wsdl:output>
    </wsdl:operation>
    <wsdl:operation name="checkStatus">
      <soap:operation soapAction="http://www.talend.org/service/checkStatus"/>
      <wsdl:input>
        <soap:body use="literal"/>
      </wsdl:input>
      <wsdl:output>
        <soap:body use="literal"/>
      </wsdl:output>
    </wsdl:operation>
  </wsdl:binding>
  <wsdl:service name="RegBANK">
    <wsdl:port binding="tns:RegBANKBinding" name="RegBANKPort">
      <soap:address location="http://192.168.185.50:8040/services/RegBANK"/>
    </wsdl:port>
  </wsdl:service>
</wsdl:definitions>]]></con:content><con:type>http://schemas.xmlsoap.org/wsdl/</con:type></con:part></con:definitionCache><con:endpoints><con:endpoint>http://192.168.185.50:8040/services/RegBANK</con:endpoint></con:endpoints><con:operation id="082d03bf-62b1-4069-b130-6c25eb3c1169" isOneWay="false" action="http://www.talend.org/service/checkStatus" name="checkStatus" bindingOperationName="checkStatus" type="Request-Response" inputName="" receivesAttachments="false" sendsAttachments="false" anonymous="optional"><con:settings/><con:call id="829b3086-b7ed-4e1a-8b59-187d9bd3d406" name="Request 1"><con:settings><con:setting id="com.eviware.soapui.impl.wsdl.WsdlRequest@request-headers">&lt;xml-fragment/></con:setting></con:settings><con:encoding>UTF-8</con:encoding><con:endpoint>http://192.168.185.50:8040/services/RegBANK</con:endpoint><con:request><![CDATA[<soapenv:Envelope xmlns:soapenv="http://schemas.xmlsoap.org/soap/envelope/" xmlns:ser="http://www.talend.org/service/">\r
   <soapenv:Header/>\r
   <soapenv:Body>\r
      <ser:checkStatus>\r
         <api_key>f</api_key>\r
         <signature>?</signature>\r
         <phrase>?</phrase>\r
      </ser:checkStatus>\r
   </soapenv:Body>\r
</soapenv:Envelope>]]></con:request><con:credentials><con:authType>No Authorization</con:authType></con:credentials><con:jmsConfig JMSDeliveryMode="PERSISTENT"/><con:jmsPropertyConfig/><con:wsaConfig mustUnderstand="NONE" version="200508" action="http://www.talend.org/service/checkStatus"/><con:wsrmConfig version="1.2"/></con:call></con:operation><con:operation id="bdf87bbe-68e4-4a17-be3b-6f2268ff54b4" isOneWay="false" action="http://www.talend.org/service/getTransaction" name="getTransaction" bindingOperationName="getTransaction" type="Request-Response" inputName="" receivesAttachments="false" sendsAttachments="false" anonymous="optional"><con:settings/><con:call id="ef210bbf-1d23-4e8c-97ec-34a301109083" name="Request 1"><con:settings><con:setting id="com.eviware.soapui.impl.wsdl.WsdlRequest@request-headers">&lt;xml-fragment/></con:setting></con:settings><con:encoding>UTF-8</con:encoding><con:endpoint>http://DESKTOP-K6QEF7J:8080/services/RegBANK</con:endpoint><con:request><![CDATA[<soapenv:Envelope xmlns:soapenv="http://schemas.xmlsoap.org/soap/envelope/" xmlns:ser="http://www.talend.org/service/">\r
   <soapenv:Header/>\r
   <soapenv:Body>\r
      <ser:getTransactionRequest>\r
         <api_key>1212dfdf242442tff</api_key>\r
         <signature>eefddgsgsrgt4554t464y64y</signature>\r
         <transaction_number>324245353300</transaction_number>\r
      </ser:getTransactionRequest>\r
   </soapenv:Body>\r
</soapenv:Envelope>]]></con:request><con:credentials><con:authType>No Authorization</con:authType></con:credentials><con:jmsConfig JMSDeliveryMode="PERSISTENT"/><con:jmsPropertyConfig/><con:wsaConfig mustUnderstand="NONE" version="200508" action="http://www.talend.org/service/getTransaction"/><con:wsrmConfig version="1.2"/></con:call></con:operation><con:operation id="bbaa72f3-1107-4d58-971f-0aaae43c6661" isOneWay="false" action="http://www.talend.org/service/setStatus" name="setStatus" bindingOperationName="setStatus" type="Request-Response" inputName="" receivesAttachments="false" sendsAttachments="false" anonymous="optional"><con:settings/><con:call id="f867a782-e9d8-4ed2-9999-6a6eb6f20399" name="Request 1"><con:settings/><con:encoding>UTF-8</con:encoding><con:endpoint>http://192.168.185.50:8040/services/RegBANK</con:endpoint><con:request><![CDATA[<soapenv:Envelope xmlns:soapenv="http://schemas.xmlsoap.org/soap/envelope/" xmlns:ser="http://www.talend.org/service/">\r
   <soapenv:Header/>\r
   <soapenv:Body>\r
      <ser:setStatus>\r
         <api_key>?</api_key>\r
         <signature>?</signature>\r
         <transaction_number>?</transaction_number>\r
         <status>?</status>\r
         <comment>?</comment>\r
      </ser:setStatus>\r
   </soapenv:Body>\r
</soapenv:Envelope>]]></con:request><con:credentials><con:authType>No Authorization</con:authType></con:credentials><con:jmsConfig JMSDeliveryMode="PERSISTENT"/><con:jmsPropertyConfig/><con:wsaConfig mustUnderstand="NONE" version="200508" action="http://www.talend.org/service/setStatus"/><con:wsrmConfig version="1.2"/></con:call></con:operation></con:interface><con:mockService id="5bca3c22-6b9a-48ae-a3c0-1c97f49d3a41" port="8080" path="/" host="DESKTOP-K6QEF7J" name="MockServiceNSSF"><con:settings><con:setting id="com.eviware.soapui.impl.wsdl.mock.WsdlMockService@require-soap-action">false</con:setting></con:settings><con:properties/><con:mockOperation name="getTransaction" id="b7e8c7ba-754c-470e-b169-f036eb8fdb75" interface="RegBANKBinding" operation="getTransaction"><con:settings/><con:defaultResponse>Response 1</con:defaultResponse><con:dispatchStyle>SEQUENCE</con:dispatchStyle><con:response name="Response 1" id="1ef71761-f0f5-4ba3-950b-7a81849a3a7c" httpResponseStatus="200" encoding="UTF-8"><con:settings/><con:responseContent><![CDATA[<soapenv:Envelope xmlns:soapenv="http://schemas.xmlsoap.org/soap/envelope/" xmlns:ser="http://www.talend.org/service/">
   <soapenv:Header/>
   <soapenv:Body>
      <ser:getTransactionResponse>
         <!--You may enter the following 13 items in any order-->
         <error_code>200</error_code>
         <error_message>OK</error_message>
         <reference>BAR000021</reference>
         <upl_datetime>2025-02-20 08:55:20</upl_datetime>
         <employer_no>1234567891234</employer_no>
         <employer>Sample Company Ltd</employer>
         <type>Contributions</type>
         <payment_method>EFT</payment_method>
         <period>01/2025</period>
         <total>3876.50</total>
         <allchqs>EFT->350000.00;EFT->400000.00</allchqs>
         <signature>EPl/RW4C4jrYuwb0W3ccaW2/euA=</signature>
         <timestamp>1740032363</timestamp>
      </ser:getTransactionResponse>
   </soapenv:Body>
</soapenv:Envelope>]]></con:responseContent><con:wsaConfig mustUnderstand="NONE" version="200508" action="http://www.talend.org/service/getTransaction"/></con:response><con:dispatchConfig/></con:mockOperation></con:mockService><con:properties/><con:wssContainer/><con:oAuth2ProfileContainer/><con:oAuth1ProfileContainer/></con:soapui-project>