<?xml version="1.0" encoding="UTF-8"?>
<con:soapui-project id="bb000416-a93a-44de-a953-45d57591ce60" activeEnvironment="Default" name="xwss-password" soapui-version="5.8.0" abortOnError="false" runType="SEQUENTIAL" xmlns:con="http://eviware.com/soapui/config"><con:settings/><con:interface xsi:type="con:WsdlInterface" id="371738f7-ccc5-4086-a5bd-8f1845d17c99" wsaVersion="NONE" name="EntitiesSoap11" type="wsdl" bindingName="{http://bernardomg.com/example/ws/entity}EntitiesSoap11" soapVersion="1_1" anonymous="optional" definition="http://localhost:8080/swss/password/plain/xwss/entities.wsdl" xmlns:xsi="http://www.w3.org/2001/XMLSchema-instance"><con:settings/><con:definitionCache type="TEXT" rootPart="http://localhost:8080/swss/password/plain/xwss/entities.wsdl"><con:part><con:url>http://localhost:8080/swss/password/plain/xwss/entities.wsdl</con:url><con:content><![CDATA[<wsdl:definitions targetNamespace="http://bernardomg.com/example/ws/entity" xmlns:wsdl="http://schemas.xmlsoap.org/wsdl/" xmlns:sch="http://bernardomg.com/example/ws/entity" xmlns:soap="http://schemas.xmlsoap.org/wsdl/soap/" xmlns:tns="http://bernardomg.com/example/ws/entity">
  <wsdl:types>
    <xs:schema elementFormDefault="qualified" jxb:version="1.0" targetNamespace="http://bernardomg.com/example/ws/entity" xmlns:jxb="http://java.sun.com/xml/ns/jaxb" xmlns:xs="http://www.w3.org/2001/XMLSchema">
      <xs:element name="getEntityRequest">
        <xs:annotation>
          <xs:documentation>Request for acquiring an entity.</xs:documentation>
        </xs:annotation>
        <xs:complexType>
          <xs:sequence>
            <xs:element name="id" type="xs:int">
              <xs:annotation>
                <xs:documentation>Id of the queried entity.</xs:documentation>
              </xs:annotation>
            </xs:element>
          </xs:sequence>
        </xs:complexType>
      </xs:element>
      <xs:element name="getEntityResponse">
        <xs:annotation>
          <xs:documentation>Response with an entity.</xs:documentation>
        </xs:annotation>
        <xs:complexType>
          <xs:sequence>
            <xs:element name="entity" type="tns:entity">
              <xs:annotation>
                <xs:documentation>The entity queried by the request.</xs:documentation>
              </xs:annotation>
            </xs:element>
          </xs:sequence>
        </xs:complexType>
      </xs:element>
      <xs:complexType name="entity">
        <xs:annotation>
          <xs:documentation>Entity to be used by the example endpoints.</xs:documentation>
        </xs:annotation>
        <xs:sequence>
          <xs:element name="id" type="xs:int">
            <xs:annotation>
              <xs:documentation>Entity's id.</xs:documentation>
            </xs:annotation>
          </xs:element>
          <xs:element name="name" type="xs:string">
            <xs:annotation>
              <xs:documentation>Entity's name.</xs:documentation>
            </xs:annotation>
          </xs:element>
        </xs:sequence>
      </xs:complexType>
    </xs:schema>
  </wsdl:types>
  <wsdl:message name="getEntityRequest">
    <wsdl:part element="tns:getEntityRequest" name="getEntityRequest"></wsdl:part>
  </wsdl:message>
  <wsdl:message name="getEntityResponse">
    <wsdl:part element="tns:getEntityResponse" name="getEntityResponse"></wsdl:part>
  </wsdl:message>
  <wsdl:portType name="Entities">
    <wsdl:operation name="getEntity">
      <wsdl:input message="tns:getEntityRequest" name="getEntityRequest"></wsdl:input>
      <wsdl:output message="tns:getEntityResponse" name="getEntityResponse"></wsdl:output>
    </wsdl:operation>
  </wsdl:portType>
  <wsdl:binding name="EntitiesSoap11" type="tns:Entities">
    <soap:binding style="document" transport="http://schemas.xmlsoap.org/soap/http"/>
    <wsdl:operation name="getEntity">
      <soap:operation soapAction=""/>
      <wsdl:input name="getEntityRequest">
        <soap:body use="literal"/>
      </wsdl:input>
      <wsdl:output name="getEntityResponse">
        <soap:body use="literal"/>
      </wsdl:output>
    </wsdl:operation>
  </wsdl:binding>
  <wsdl:service name="EntitiesService">
    <wsdl:port binding="tns:EntitiesSoap11" name="EntitiesSoap11">
      <soap:address location="http://localhost:8080/swss/password/plain/xwss/entities"/>
    </wsdl:port>
  </wsdl:service>
</wsdl:definitions>]]></con:content><con:type>http://schemas.xmlsoap.org/wsdl/</con:type></con:part></con:definitionCache><con:endpoints><con:endpoint>http://localhost:8080/swss/password/plain/xwss/entities</con:endpoint></con:endpoints><con:operation id="adb6b608-2b27-4394-a853-84932c06184e" isOneWay="false" action="" name="getEntity" bindingOperationName="getEntity" type="Request-Response" outputName="getEntityResponse" inputName="getEntityRequest" receivesAttachments="false" sendsAttachments="false" anonymous="optional"><con:settings/><con:call id="fabc3509-3bd1-4c7e-952d-d58e6bcda22b" name="Request 1"><con:settings><con:setting id="com.eviware.soapui.impl.wsdl.WsdlRequest@request-headers">&lt;xml-fragment/></con:setting></con:settings><con:encoding>UTF-8</con:encoding><con:endpoint>http://localhost:8080/swss/password/plain/xwss/entities</con:endpoint><con:request><![CDATA[<soapenv:Envelope xmlns:soapenv="http://schemas.xmlsoap.org/soap/envelope/" xmlns:ent="http://bernardomg.com/example/ws/entity">\r
    <soapenv:Header>
        <wsse:Security xmlns:wsse="http://docs.oasis-open.org/wss/2004/01/oasis-200401-wss-wssecurity-secext-1.0.xsd" xmlns:wsu="http://docs.oasis-open.org/wss/2004/01/oasis-200401-wss-wssecurity-utility-1.0.xsd" soapenv:mustUnderstand="1">
            <wsse:UsernameToken>
                <wsse:Username>myUser</wsse:Username>
                <wsse:Password>myPassword</wsse:Password>
            </wsse:UsernameToken>
        </wsse:Security>
    </soapenv:Header>
   <soapenv:Body>\r
      <ent:getEntityRequest>\r
         <ent:id>1</ent:id>\r
      </ent:getEntityRequest>\r
   </soapenv:Body>\r
</soapenv:Envelope>]]></con:request><con:credentials><con:username/><con:password/><con:selectedAuthProfile>No Authorization</con:selectedAuthProfile><con:addedBasicAuthenticationTypes>Basic</con:addedBasicAuthenticationTypes><con:authType>No Authorization</con:authType></con:credentials><con:jmsConfig JMSDeliveryMode="PERSISTENT"/><con:jmsPropertyConfig/><con:wsaConfig mustUnderstand="NONE" version="200508" action="http://bernardomg.com/example/ws/entity/Entities/getEntityRequest"/><con:wsrmConfig version="1.2"/></con:call></con:operation></con:interface><con:properties/><con:wssContainer/><con:oAuth2ProfileContainer/><con:oAuth1ProfileContainer/></con:soapui-project>