<?xml version="1.0" encoding="UTF-8"?>
<con:soapui-project id="1c2983cb-f3f4-4ec0-9191-90a8df18db6e" activeEnvironment="Default" name="Project 1" soapui-version="5.8.0" xmlns:con="http://eviware.com/soapui/config"><con:settings/><con:interface xsi:type="con:RestService" id="5000852e-5da0-4cae-aa0c-9c952b657739" wadlVersion="http://wadl.dev.java.net/2009/02" name="http://DESKTOP-K6QEF7J:8280" type="rest" xmlns:xsi="http://www.w3.org/2001/XMLSchema-instance"><con:settings/><con:definitionCache type="TEXT" rootPart=""/><con:endpoints><con:endpoint>http://DESKTOP-K6QEF7J:8280</con:endpoint></con:endpoints><con:resource name="Cars_DataService.SOAP11Endpoint" path="/services/cars_DataService/insert_cars_operation" id="1b976358-98ce-47ba-8bf6-67223878ead2"><con:settings/><con:parameters/><con:method name="Cars_DataService.SOAP11Endpoint 1" id="a74db533-61cc-4c7c-8d69-43dc20603f34" method="POST"><con:settings/><con:parameters/><con:representation type="FAULT"><con:mediaType>application/json; charset=UTF-8</con:mediaType><con:status>500</con:status><con:params/><con:element xmlns:cars="http://DESKTOP-K6QEF7J/services/cars_DataService.SOAP11Endpoint">cars:Fault</con:element></con:representation><con:representation type="REQUEST"><con:mediaType>application/json</con:mediaType><con:params/><con:element xmlns:soapenv="http://schemas.xmlsoap.org/soap/envelope/">soapenv:Envelope</con:element></con:representation><con:representation type="FAULT"><con:mediaType>text/xml; charset=UTF-8</con:mediaType><con:status>500</con:status><con:params/><con:element xmlns:dat="http://ws.wso2.org/dataservice">dat:DataServiceFault</con:element></con:representation><con:representation type="REQUEST"><con:mediaType>text/xml</con:mediaType><con:params/><con:element xmlns:soapenv="http://schemas.xmlsoap.org/soap/envelope/">soapenv:Envelope</con:element></con:representation><con:representation type="RESPONSE"><con:mediaType xsi:nil="true"/><con:status>202</con:status><con:params/><con:element>data</con:element></con:representation><con:representation type="REQUEST"><con:mediaType>application/x-www-form-urlencoded</con:mediaType><con:params/><con:element xmlns:soapenv="http://schemas.xmlsoap.org/soap/envelope/">soapenv:Envelope</con:element></con:representation><con:representation type="RESPONSE"><con:mediaType xsi:nil="true"/><con:status>202</con:status><con:params/><con:element>data</con:element></con:representation><con:representation type="RESPONSE"><con:mediaType xsi:nil="true"/><con:status>202</con:status><con:params/><con:element>data</con:element></con:representation><con:representation type="RESPONSE"><con:mediaType xsi:nil="true"/><con:status>202</con:status><con:params/><con:element>data</con:element></con:representation><con:request name="insertCars" id="414b00bf-cff8-41a3-992d-e9d634bce7ab" mediaType="application/x-www-form-urlencoded" postQueryString="true"><con:settings><con:setting id="com.eviware.soapui.impl.wsdl.WsdlRequest@request-headers">&lt;xml-fragment/></con:setting></con:settings><con:endpoint>http://DESKTOP-K6QEF7J:8280</con:endpoint><con:request><![CDATA[<soapenv:Envelope xmlns:soapenv="http://schemas.xmlsoap.org/soap/envelope/" xmlns:dmat="https://dmatanga">
   <soapenv:Header/>
   <soapenv:Body>
      <dmat:insert_cars_operation>
         <dmat:brand>vw</dmat:brand>
         <dmat:model>passat</dmat:model>
         <dmat:year>666</dmat:year>
      </dmat:insert_cars_operation>
   </soapenv:Body>
</soapenv:Envelope>]]></con:request><con:originalUri>http://DESKTOP-K6QEF7J/services/cars_DataService.SOAP11Endpoint</con:originalUri><con:credentials><con:authType>No Authorization</con:authType></con:credentials><con:jmsConfig JMSDeliveryMode="PERSISTENT"/><con:jmsPropertyConfig/><con:parameters/></con:request></con:method></con:resource></con:interface><con:properties/><con:wssContainer/><con:oAuth2ProfileContainer/><con:oAuth1ProfileContainer/></con:soapui-project>