<settings xmlns="http://maven.apache.org/SETTINGS/1.2.0"
          xmlns:xsi="http://www.w3.org/2001/XMLSchema-instance"
          xsi:schemaLocation="http://maven.apache.org/SETTINGS/1.2.0 http://maven.apache.org/xsd/settings-1.2.0.xsd">
    <mirrors>
        <mirror>
            <id>maven-default-http-blocker</id>
            <mirrorOf>dummy</mirrorOf>
            <name>Dummy mirror to override default blocking mirror that blocks http</name>
            <url>http://0.0.0.0/</url>
        </mirror>
    </mirrors>
</settings>