<?xml version="1.0" encoding="UTF-8"?>
<con:soapui-project id="2e54b4a2-d998-4fe7-a912-7e0aa2fe23be" activeEnvironment="Default" name="cars" resourceRoot="" soapui-version="5.8.0" abortOnError="false" runType="SEQUENTIAL" xmlns:con="http://eviware.com/soapui/config"><con:settings/><con:interface xsi:type="con:WsdlInterface" id="9e0660bb-0476-4b7a-b9e4-8d4dd3d91597" wsaVersion="NONE" name="cars_DataServiceSOAP12Binding" type="wsdl" bindingName="{https://dmatanga}cars_DataServiceSOAP12Binding" soapVersion="1_2" anonymous="optional" definition="file:/C:/temp/cars.wsdl" xmlns:xsi="http://www.w3.org/2001/XMLSchema-instance"><con:settings/><con:definitionCache type="TEXT" rootPart="file:\C:\temp\cars.wsdl"><con:part><con:url>file:\C:\temp\cars.wsdl</con:url><con:content><![CDATA[<wsdl:definitions targetNamespace="https://dmatanga" xmlns:wsdl="http://schemas.xmlsoap.org/wsdl/" xmlns:wsaw="http://www.w3.org/2006/05/addressing/wsdl" xmlns:mime="http://schemas.xmlsoap.org/wsdl/mime/" xmlns:http="http://schemas.xmlsoap.org/wsdl/http/" xmlns:ns0="http://ws.wso2.org/dataservice" xmlns:xs="http://www.w3.org/2001/XMLSchema" xmlns:soap12="http://schemas.xmlsoap.org/wsdl/soap12/" xmlns:ns1="https://dmatanga" xmlns:soap="http://schemas.xmlsoap.org/wsdl/soap/">
  <wsdl:documentation/>
  <wsdl:types>
    <xs:schema attributeFormDefault="unqualified" elementFormDefault="qualified" targetNamespace="http://ws.wso2.org/dataservice">
      <xs:element name="DataServiceFault">
        <xs:complexType>
          <xs:sequence>
            <xs:element name="current_params" type="xs:string"/>
            <xs:element name="current_request_name" type="xs:string"/>
            <xs:element name="nested_exception" type="xs:string"/>
            <xs:element name="source_data_service">
              <xs:complexType>
                <xs:sequence>
                  <xs:element name="location" type="xs:string"/>
                  <xs:element name="default_namespace" type="xs:string"/>
                  <xs:element name="description" type="xs:string"/>
                  <xs:element name="data_service_name" type="xs:string"/>
                </xs:sequence>
              </xs:complexType>
            </xs:element>
            <xs:element name="ds_code" type="xs:string"/>
          </xs:sequence>
        </xs:complexType>
      </xs:element>
      <xs:element name="REQUEST_STATUS" type="xs:string"/>
      <xs:element name="DATA_SERVICE_RESPONSE">
        <xs:complexType>
          <xs:sequence>
            <xs:any minOccurs="0"/>
          </xs:sequence>
        </xs:complexType>
      </xs:element>
    </xs:schema>
    <xs:schema attributeFormDefault="unqualified" elementFormDefault="qualified" targetNamespace="https://dmatanga">
      <xs:element name="select_all_cars_operation">
        <xs:complexType>
          <xs:sequence/>
        </xs:complexType>
      </xs:element>
      <xs:element name="carsCollection" type="ns1:carsCollection"/>
      <xs:complexType name="carsCollection">
        <xs:sequence>
          <xs:element maxOccurs="unbounded" minOccurs="0" name="cars" type="ns1:cars"/>
        </xs:sequence>
      </xs:complexType>
      <xs:complexType name="cars">
        <xs:sequence>
          <xs:element name="brand" nillable="true" type="xs:string"/>
          <xs:element name="model" nillable="true" type="xs:string"/>
          <xs:element name="year" nillable="true" type="xs:integer"/>
        </xs:sequence>
      </xs:complexType>
      <xs:element name="insert_cars_operation">
        <xs:complexType>
          <xs:sequence>
            <xs:element name="brand" nillable="true" type="xs:string"/>
            <xs:element name="model" nillable="true" type="xs:string"/>
            <xs:element name="year" nillable="true" type="xs:int"/>
          </xs:sequence>
        </xs:complexType>
      </xs:element>
    </xs:schema>
  </wsdl:types>
  <wsdl:message name="select_all_cars_operationRequest">
    <wsdl:part name="parameters" element="ns1:select_all_cars_operation"/>
  </wsdl:message>
  <wsdl:message name="select_all_cars_operationResponse">
    <wsdl:part name="parameters" element="ns1:carsCollection"/>
  </wsdl:message>
  <wsdl:message name="DataServiceFault">
    <wsdl:part name="parameters" element="ns0:DataServiceFault"/>
  </wsdl:message>
  <wsdl:message name="insert_cars_operationRequest">
    <wsdl:part name="parameters" element="ns1:insert_cars_operation"/>
  </wsdl:message>
  <wsdl:portType name="cars_DataServicePortType">
    <wsdl:operation name="select_all_cars_operation">
      <wsdl:documentation/>
      <wsdl:input message="ns1:select_all_cars_operationRequest" wsaw:Action="urn:select_all_cars_operation"/>
      <wsdl:output message="ns1:select_all_cars_operationResponse" wsaw:Action="urn:select_all_cars_operationResponse"/>
      <wsdl:fault message="ns1:DataServiceFault" name="DataServiceFault" wsaw:Action="urn:select_all_cars_operationDataServiceFault"/>
    </wsdl:operation>
    <wsdl:operation name="insert_cars_operation">
      <wsdl:documentation/>
      <wsdl:input message="ns1:insert_cars_operationRequest" wsaw:Action="urn:insert_cars_operation"/>
    </wsdl:operation>
  </wsdl:portType>
  <wsdl:binding name="cars_DataServiceSOAP11Binding" type="ns1:cars_DataServicePortType">
    <soap:binding transport="http://schemas.xmlsoap.org/soap/http" style="document"/>
    <wsdl:operation name="select_all_cars_operation">
      <soap:operation soapAction="urn:select_all_cars_operation" style="document"/>
      <wsdl:input>
        <soap:body use="literal"/>
      </wsdl:input>
      <wsdl:output>
        <soap:body use="literal"/>
      </wsdl:output>
      <wsdl:fault name="DataServiceFault">
        <soap:fault use="literal" name="DataServiceFault"/>
      </wsdl:fault>
    </wsdl:operation>
    <wsdl:operation name="insert_cars_operation">
      <soap:operation soapAction="urn:insert_cars_operation" style="document"/>
      <wsdl:input>
        <soap:body use="literal"/>
      </wsdl:input>
    </wsdl:operation>
  </wsdl:binding>
  <wsdl:binding name="cars_DataServiceSOAP12Binding" type="ns1:cars_DataServicePortType">
    <soap12:binding transport="http://schemas.xmlsoap.org/soap/http" style="document"/>
    <wsdl:operation name="select_all_cars_operation">
      <soap12:operation soapAction="urn:select_all_cars_operation" style="document"/>
      <wsdl:input>
        <soap12:body use="literal"/>
      </wsdl:input>
      <wsdl:output>
        <soap12:body use="literal"/>
      </wsdl:output>
      <wsdl:fault name="DataServiceFault">
        <soap12:fault use="literal" name="DataServiceFault"/>
      </wsdl:fault>
    </wsdl:operation>
    <wsdl:operation name="insert_cars_operation">
      <soap12:operation soapAction="urn:insert_cars_operation" style="document"/>
      <wsdl:input>
        <soap12:body use="literal"/>
      </wsdl:input>
    </wsdl:operation>
  </wsdl:binding>
  <wsdl:binding name="cars_DataServiceHttpBinding" type="ns1:cars_DataServicePortType">
    <http:binding verb="POST"/>
    <wsdl:operation name="select_all_cars_operation">
      <http:operation location="select_all_cars_operation"/>
      <wsdl:input>
        <mime:content type="text/xml" part="parameters"/>
      </wsdl:input>
      <wsdl:output>
        <mime:content type="text/xml" part="parameters"/>
      </wsdl:output>
    </wsdl:operation>
    <wsdl:operation name="insert_cars_operation">
      <http:operation location="insert_cars_operation"/>
      <wsdl:input>
        <mime:content type="text/xml" part="parameters"/>
      </wsdl:input>
    </wsdl:operation>
  </wsdl:binding>
  <wsdl:service name="cars_DataService">
    <wsdl:port name="SecureSOAP11Endpoint" binding="ns1:cars_DataServiceSOAP11Binding">
      <soap:address location="https://DESKTOP-K6QEF7J:8243/services/cars_DataService.SecureSOAP11Endpoint"/>
    </wsdl:port>
    <wsdl:port name="SOAP11Endpoint" binding="ns1:cars_DataServiceSOAP11Binding">
      <soap:address location="http://DESKTOP-K6QEF7J:8280/services/cars_DataService.SOAP11Endpoint"/>
    </wsdl:port>
    <wsdl:port name="SecureSOAP12Endpoint" binding="ns1:cars_DataServiceSOAP12Binding">
      <soap12:address location="https://DESKTOP-K6QEF7J:8243/services/cars_DataService.SecureSOAP12Endpoint"/>
    </wsdl:port>
    <wsdl:port name="SOAP12Endpoint" binding="ns1:cars_DataServiceSOAP12Binding">
      <soap12:address location="http://DESKTOP-K6QEF7J:8280/services/cars_DataService.SOAP12Endpoint"/>
    </wsdl:port>
    <wsdl:port name="SecureHTTPEndpoint" binding="ns1:cars_DataServiceHttpBinding">
      <http:address location="https://DESKTOP-K6QEF7J:8243/services/cars_DataService.SecureHTTPEndpoint"/>
    </wsdl:port>
    <wsdl:port name="HTTPEndpoint" binding="ns1:cars_DataServiceHttpBinding">
      <http:address location="http://DESKTOP-K6QEF7J:8280/services/cars_DataService.HTTPEndpoint"/>
    </wsdl:port>
  </wsdl:service>
</wsdl:definitions>]]></con:content><con:type>http://schemas.xmlsoap.org/wsdl/</con:type></con:part></con:definitionCache><con:endpoints><con:endpoint>http://DESKTOP-K6QEF7J:8280/services/cars_DataService.SOAP12Endpoint</con:endpoint><con:endpoint>https://DESKTOP-K6QEF7J:8243/services/cars_DataService.SecureSOAP12Endpoint</con:endpoint></con:endpoints><con:operation id="6f48164f-6763-45a5-ac44-e2bff655c8cf" isOneWay="false" action="urn:insert_cars_operation" name="insert_cars_operation" bindingOperationName="insert_cars_operation" type="One-Way" inputName="" sendsAttachments="false" anonymous="optional"><con:settings/><con:call id="af09c6ee-e237-4f9e-88cb-78cbc6279f83" name="Request 1"><con:settings><con:setting id="com.eviware.soapui.impl.wsdl.WsdlRequest@request-headers">&lt;xml-fragment/></con:setting></con:settings><con:encoding>UTF-8</con:encoding><con:endpoint>http://DESKTOP-K6QEF7J:8280/services/cars_DataService.SOAP12Endpoint</con:endpoint><con:request><![CDATA[<soap:Envelope xmlns:soap="http://www.w3.org/2003/05/soap-envelope" xmlns:dmat="https://dmatanga">\r
   <soap:Header/>\r
   <soap:Body>\r
      <dmat:insert_cars_operation>\r
         <dmat:brand>haha</dmat:brand>\r
         <dmat:model>papa</dmat:model>\r
         <dmat:year>1414</dmat:year>\r
      </dmat:insert_cars_operation>\r
   </soap:Body>\r
</soap:Envelope>]]></con:request><con:credentials><con:authType>No Authorization</con:authType></con:credentials><con:jmsConfig JMSDeliveryMode="PERSISTENT"/><con:jmsPropertyConfig/><con:wsaConfig mustUnderstand="NONE" version="200508" action="urn:insert_cars_operation"/><con:wsrmConfig version="1.2"/></con:call></con:operation><con:operation id="f12bfa7f-997c-4996-aad1-ae65d812d1de" isOneWay="false" action="urn:select_all_cars_operation" name="select_all_cars_operation" bindingOperationName="select_all_cars_operation" type="Request-Response" inputName="" receivesAttachments="false" sendsAttachments="false" anonymous="optional"><con:settings/><con:call id="70635e12-066f-4fa9-b70f-ef31c22e5073" name="Request 1"><con:settings><con:setting id="com.eviware.soapui.impl.wsdl.WsdlRequest@request-headers">&lt;xml-fragment/></con:setting></con:settings><con:encoding>UTF-8</con:encoding><con:endpoint>http://DESKTOP-K6QEF7J:8280/services/cars_DataService.SOAP12Endpoint</con:endpoint><con:request><![CDATA[<soap:Envelope xmlns:soap="http://www.w3.org/2003/05/soap-envelope" xmlns:dmat="https://dmatanga">\r
   <soap:Header/>\r
   <soap:Body>\r
      <dmat:select_all_cars_operation/>\r
   </soap:Body>\r
</soap:Envelope>]]></con:request><con:credentials><con:authType>No Authorization</con:authType></con:credentials><con:jmsConfig JMSDeliveryMode="PERSISTENT"/><con:jmsPropertyConfig/><con:wsaConfig mustUnderstand="NONE" version="200508" action="urn:select_all_cars_operation"/><con:wsrmConfig version="1.2"/></con:call></con:operation></con:interface><con:properties/><con:wssContainer/><con:oAuth2ProfileContainer/><con:oAuth1ProfileContainer/><con:sensitiveInformation/></con:soapui-project>