<soapenv:Envelope xmlns:soapenv="http://www.w3.org/2003/05/soap-envelope" xmlns:web="https://memorynotfound.com/beer">
	<soapenv:Header>
		<wsse:Security xmlns:wsse="http://docs.oasis-open.org/wss/2004/01/oasis-200401-wss-wssecurity-secext-1.0.xsd">
			<wsse:UserCredentials xmlns:wsse="https://memorynotfound.com/beer">
				<wsse:Username xmlns:wsu="http://docs.oasis-open.org/wss/2004/01/oasis-200401-wss-wssecurity-utility-1.0.xsd" wsu:Id="UsernameToken-1">adadad</wsse:Username>
				<wsse:Password Type="http://docs.oasis-open.org/wss/2004/01/oasis-200401-wss-username-token-profile-1.0#PasswordText">3N7TiG2XF9rbiMOyrHvA47owlSI=</wsse:Password>
			</wsse:UserCredentials>
			<wsse:Nonce xmlns:wsse="https://memorynotfound.com/beer" EncodingType="http://docs.oasis-open.org/wss/2004/01/oasis-200401-wss-soap-message-security-1.0#Base64Binary">dB3Wg60x27Wao7+KflR+BQ==</wsse:Nonce>
			<wsu:Created xmlns:wsu="https://memorynotfound.com/beer">2025-02-17T08:30:58.490Z</wsu:Created>
			<wsu:Timestamp xmlns:wsu="https://memorynotfound.com/beer">
				<wsu:Created>2025-02-17T08:30:58.490Z</wsu:Created>
				<wsu:Expires>2025-02-17T08:35:58.490Z</wsu:Expires>
			</wsu:Timestamp>
			<ds:Signature xmlns:ds="http://www.w3.org/2000/09/xmldsig#"/>
		</wsse:Security>
	</soapenv:Header>
	<soapenv:Body>
		<web:getBeerRequest>
			<id>1.56</id>
		</web:getBeerRequest>
	</soapenv:Body>
	<soapenv:Header>
		<ds:Signature xmlns:ds="http://www.w3.org/2000/09/xmldsig#">
			<ds:SignedInfo>
				<ds:CanonicalizationMethod Algorithm="http://www.w3.org/TR/2001/REC-xml-c14n-20010315"/>
				<ds:SignatureMethod Algorithm="http://www.w3.org/2000/09/xmldsig#rsa-sha1"/>
				<ds:Reference URI="">
					<ds:Transforms>
						<ds:Transform Algorithm="http://www.w3.org/2000/09/xmldsig#enveloped-signature"/>
						<ds:Transform Algorithm="http://www.w3.org/TR/2001/REC-xml-c14n-20010315#WithComments"/>
					</ds:Transforms>
					<ds:DigestMethod Algorithm="http://www.w3.org/2000/09/xmldsig#sha1"/>
					<ds:DigestValue>ALYIuRuPsjwKcUkSZOq98fGdmME=</ds:DigestValue>
				</ds:Reference>
			</ds:SignedInfo>
			<ds:SignatureValue>
RDKcT0G92UZUUqv6EVPNmsKKWO0i+LM5zMvmbfldPQI9ZVdRMnTwFvaxsFp0jLB9EXGjYfYA26sd&#xD;
JGT4wohTXffmqbRsjbBAK/5ob0tZYazoGfruwz6Cmn024PFH7F/RYA6lgn0/n2mDSkUz0rh6hBY1&#xD;
mO/5fvLrp2Oj4GY+Jbs=
</ds:SignatureValue>
			<ds:KeyInfo>
				<ds:X509Data>
					<ds:X509Certificate>
MIICwTCCAiqgAwIBAgIEq0Rx5DANBgkqhkiG9w0BAQsFADBxMRswGQYDVQQDDBJ3d3cuYmVybmFy&#xD;
ZG9tZy5jb20xEzARBgNVBAoMCmJlcm5hcmRvbWcxDTALBgNVBAsMBE5vbmUxDzANBgNVBAcMBkxv&#xD;
bmRvbjEQMA4GA1UECAwHRW5nbGFuZDELMAkGA1UEBhMCVUswIBcNMTYxMTI2MTkxNDQxWhgPMjEx&#xD;
NzExMDIxOTE0NDFaMHExGzAZBgNVBAMMEnd3dy5iZXJuYXJkb21nLmNvbTETMBEGA1UECgwKYmVy&#xD;
bmFyZG9tZzENMAsGA1UECwwETm9uZTEPMA0GA1UEBwwGTG9uZG9uMRAwDgYDVQQIDAdFbmdsYW5k&#xD;
MQswCQYDVQQGEwJVSzCBnzANBgkqhkiG9w0BAQEFAAOBjQAwgYkCgYEArNpb9igfv8WboW2N6aJP&#xD;
ppF+gBw1sDU16zixMj/76AKABOHDBl8jC9tDdIM3tE3LRkuNeH2kqqaAOSgzFoYJrHQT4T/Wz7PP&#xD;
1LjeOZzyCOhkmwidQtJxW35cwcYNIVrsvROpoJtKo5DGqVoFckQ5XDBSDJuDOEMqGRiNCLjl5akC&#xD;
AwEAAaNkMGIwHQYDVR0OBBYEFP7W6oEOdj/D/hVDurwuf2lJxqiPMA8GA1UdEwEB/wQFMAMBAf8w&#xD;
CwYDVR0PBAQDAgG2MCMGA1UdJQQcMBoGCCsGAQUFBwMBBggrBgEFBQcDAgYEVR0lADANBgkqhkiG&#xD;
9w0BAQsFAAOBgQAkM6uQYn64he2wxW/a+PpEsQw7R0NK/ORpG13piQUXItg9QFrsUiqHf+NdIPK4&#xD;
C0mu8CNgtToaR/nM1kGYfhp5BowS2CgZplUyOCdCW+/4S/aAN/l78rIe6NXsu5xzrBmqCxcw9v8a&#xD;
4b09zse7UT3lpj2qJOW4hoFSl8Pr8yuGdw==
</ds:X509Certificate>
				</ds:X509Data>
				<ds:KeyValue>
					<ds:RSAKeyValue>
						<ds:Modulus>rNpb9igfv8WboW2N6aJPppF+gBw1sDU16zixMj/76AKABOHDBl8jC9tDdIM3tE3LRkuNeH2kqqaA&#xD;
OSgzFoYJrHQT4T/Wz7PP1LjeOZzyCOhkmwidQtJxW35cwcYNIVrsvROpoJtKo5DGqVoFckQ5XDBS&#xD;
DJuDOEMqGRiNCLjl5ak=</ds:Modulus>
						<ds:Exponent>AQAB</ds:Exponent>
					</ds:RSAKeyValue>
				</ds:KeyValue>
			</ds:KeyInfo>
		</ds:Signature>
	</soapenv:Header>
</soapenv:Envelope>