<soap:Envelope xmlns:web="https://memorynotfound.com/beer/" xmlns:soap="http://www.w3.org/2003/05/soap-envelope"><soap:Header><wsse:Security xmlns:wsse="http://docs.oasis-open.org/wss/2004/01/oasis-200401-wss-wssecurity-secext-1.0.xsd"><wsse:UserCredentials xmlns:wsse="https://memorynotfound.com/beer/"><wsse:Username xmlns:wsu="http://docs.oasis-open.org/wss/2004/01/oasis-200401-wss-wssecurity-utility-1.0.xsd" wsu:Id="UsernameToken-1">adadad</wsse:Username><wsse:Password Type="http://docs.oasis-open.org/wss/2004/01/oasis-200401-wss-username-token-profile-1.0#PasswordText">xvgQYyHIsJ7/x6EqJ2mBWeV8DgQ=</wsse:Password></wsse:UserCredentials><wsse:Nonce xmlns:wsse="https://memorynotfound.com/beer/" EncodingType="http://docs.oasis-open.org/wss/2004/01/oasis-200401-wss-soap-message-security-1.0#Base64Binary">i+mywK4nP1xsQN3ZPdk2jw==</wsse:Nonce><wsu:Created xmlns:wsu="https://memorynotfound.com/beer/">2025-02-17T08:01:15.514Z</wsu:Created><wsu:Timestamp xmlns:wsu="https://memorynotfound.com/beer/"><wsu:Created>2025-02-17T08:01:15.514Z</wsu:Created><wsu:Expires>2025-02-17T08:06:15.514Z</wsu:Expires></wsu:Timestamp><ds:Signature xmlns:ds="http://www.w3.org/2000/09/xmldsig#"/></wsse:Security></soap:Header><soap:Body><web:getBeerRequest xmlns:web="https://memorynotfound.com/beer"><id>1.56</id></web:getBeerRequest></soap:Body></soap:Envelope>
