{
	"info": {
		"_postman_id": "638bd7ca-8216-46c8-9458-b91b8da4a665",
		"name": "CESTASOFT",
		"schema": "https://schema.getpostman.com/json/collection/v2.1.0/collection.json",
		"_exporter_id": "3364534"
	},
	"item": [
		{
			"name": "dataservices",
			"item": [
				{
					"name": "select_all_cars_operation",
					"request": {
						"method": "GET",
						"header": [
							{
								"key": "Accept",
								"value": "text/xml",
								"type": "text"
							},
							{
								"key": "Content-Type",
								"value": "text/xml",
								"type": "text"
							},
							{
								"key": "",
								"value": "",
								"type": "text"
							}
						],
						"url": {
							"raw": "http://localhost:8280/services/cars_DataService/select_all_cars_operation",
							"protocol": "http",
							"host": [
								"localhost"
							],
							"port": "8280",
							"path": [
								"services",
								"cars_DataService",
								"select_all_cars_operation"
							]
						}
					},
					"response": []
				},
				{
					"name": "insert_cars_operation",
					"request": {
						"method": "POST",
						"header": [
							{
								"key": "Accept",
								"value": "application/soap+xml;",
								"type": "text"
							},
							{
								"key": "Content-Type",
								"value": "application/soap+xml;charset=UTF-8;action=\"urn:insert_cars_operation\"",
								"type": "text"
							},
							{
								"key": "act",
								"value": "",
								"type": "text",
								"disabled": true
							}
						],
						"body": {
							"mode": "raw",
							"raw": "<soap:Envelope xmlns:xsi=\"http://www.w3.org/2001/XMLSchema-instance\" xmlns:xsd=\"http://www.w3.org/2001/XMLSchema\" xmlns:soap=\"http://schemas.xmlsoap.org/soap/envelope/\">\r\n    <soapenv:Header xmlns:wsa=\"http://www.w3.org/2005/08/addressing\">\r\n        <wsa:Action>urn:insert_cars_operation</wsa:Action>\r\n    </soapenv:Header>\r\n   <soap:Body>\r\n      <dmat:insert_cars_operation xmlns:dmat=\"http://dmatanga\">\r\n         <dmat:brand>haha</dmat:brand>\r\n         <dmat:model>papa</dmat:model>\r\n         <dmat:year>1414</dmat:year>\r\n      </dmat:insert_cars_operation>\r\n   </soap:Body>\r\n</soap:Envelope>",
							"options": {
								"raw": {
									"language": "xml"
								}
							}
						},
						"url": {
							"raw": "http://DESKTOP-K6QEF7J:8280/services/cars_DataService.SOAP12Endpoint",
							"protocol": "http",
							"host": [
								"DESKTOP-K6QEF7J"
							],
							"port": "8280",
							"path": [
								"services",
								"cars_DataService.SOAP12Endpoint"
							],
							"query": [
								{
									"key": "brand",
									"value": "111",
									"disabled": true
								},
								{
									"key": "model",
									"value": "sffdfd",
									"disabled": true
								},
								{
									"key": "year",
									"value": "1111",
									"disabled": true
								}
							]
						}
					},
					"response": []
				},
				{
					"name": "wsdl",
					"request": {
						"method": "GET",
						"header": [],
						"url": {
							"raw": "http://desktop-k6qef7j:8280/services/cars_DataService?wsdl",
							"protocol": "http",
							"host": [
								"desktop-k6qef7j"
							],
							"port": "8280",
							"path": [
								"services",
								"cars_DataService"
							],
							"query": [
								{
									"key": "wsdl",
									"value": null
								}
							]
						}
					},
					"response": []
				}
			]
		},
		{
			"name": "_ura",
			"item": [
				{
					"name": "test",
					"item": [
						{
							"name": "ura-deployed-ext notify Copy",
							"request": {
								"method": "POST",
								"header": [
									{
										"key": "Content-Type",
										"value": "application/json"
									}
								],
								"body": {
									"mode": "raw",
									"raw": "{\r\n\t\"api_user\": \"aao_ura\",\r\n\t\"api_key\": \"eyJhbGciOiJIUzI1NiIsInR5cCI6IkpXVCJ9.eyJzdWIiOiIwNjExMzEyMDUzIiwibmFtZSI6ImFic2F1Z2FuZGEiLCJpYXQiOjE3MzA5NjY4NDV9.8B6aYY-FYRfqxAGjnHbMfp26DjTRte0lINYkR4cLBYE\",\r\n\t\"method\": \"notify\",\r\n\t\"data\": {\r\n\t\t\"bankCd\": \"100001\",\r\n\t\t\"loginId\": \"uraadmin\",\r\n\t\t\"passWd\": \"hjj2024112llalala1\",\r\n\t\t\"transactionEntity\": [\r\n\t\t\t{\r\n\t\t\t\t\"Prn\": \"202500001\",\r\n\t\t\t\t\"Amount\": \"1000.90\",\r\n\t\t\t\t\"Tin\": \"xx11uraadmin\"\r\n\t\t\t},\r\n\t\t\t{\r\n\t\t\t\t\"Prn\": \"202500002\",\r\n\t\t\t\t\"Amount\": \"3534.90\",\r\n\t\t\t\t\"Tin\": \"xx11uraadmin\"\r\n\t\t\t},\r\n\t\t\t{\r\n\t\t\t\t\"Prn\": \"202500003\",\r\n\t\t\t\t\"Amount\": \"2423.90\",\r\n\t\t\t\t\"Tin\": \"xx11uraadmin\"\r\n\t\t\t}\r\n\t\t]\r\n\t}\r\n}",
									"options": {
										"raw": {
											"language": "json"
										}
									}
								},
								"url": {
									"raw": "http://192.168.1.85:8280/utility_ura/api/notify",
									"protocol": "http",
									"host": [
										"192",
										"168",
										"1",
										"85"
									],
									"port": "8280",
									"path": [
										"utility_ura",
										"api",
										"notify"
									]
								},
								"description": "Generated from cURL: curl --location 'https://localhost:8243/utility_bill_payments/api/umeme' \\\r\n\r\n--header 'Content-Type: application/json' \\\r\n\r\n--data '{\r\n\r\n    \"api_user\": \"aao_umeme\",\r\n\r\n    \"api_key\": \"eyJhbGciOiJIUzI1NiIsInR5cCI6IkpXVCJ9.eyJzdWIiOiIwNjExMzEyMDUzIiwibmFtZSI6ImFic2F1Z2FuZGEiLCJpYXQiOjE3MzA5NjY4NDV9.8B6aYY-FYRfqxAGjnHbMfp26DjTRte0lINYkR4cLBYE\",\r\n\r\n    \"method\": \"notify\",\r\n\r\n    \"data\": {\r\n\r\n        \"customer_ref\": \"102024222196\",\r\n\r\n        \"transaction_type\" :\"CASH\",\r\n\r\n        \"teller\": \"mark01\",\r\n\r\n        \"cheque_no\": \"\",\r\n\r\n        \"amount\": \"2000\",\r\n\r\n        \"narrative\": \"\",\r\n\r\n        \"customer_name\": \"BOGERE   JOHN\",\r\n\r\n        \"mobile_no\": \"0779280367\",\r\n\r\n        \"payment_date\": \"2024-1121\",\r\n\r\n        \"transaction_ref\": \"/20241121/14353074502\",\r\n\r\n        \"reversed_transaction_ref\": \"\",\r\n\r\n        \"reversal\": \"F\",\r\n\r\n        \"pay_offline\": \"F\",\r\n\r\n        \"customer_type\": \"PREPAID\",\r\n\r\n        \"verification_status_code\": \"0\",\r\n\r\n        \"verification_status_desc\": \"SUCCESS\"\r\n\r\n    }\r\n\r\n}'"
							},
							"response": []
						}
					]
				},
				{
					"name": "1_LOCALHOST",
					"item": [
						{
							"name": "users-PRN",
							"request": {
								"auth": {
									"type": "noauth"
								},
								"method": "POST",
								"header": [
									{
										"key": "Content-Type",
										"value": "text/xml",
										"type": "text"
									},
									{
										"key": "Accept",
										"value": "text/xml",
										"type": "text"
									}
								],
								"body": {
									"mode": "raw",
									"raw": "<soapenv:Envelope xmlns:soapenv=\"http://schemas.xmlsoap.org/soap/envelope/\"\r\n                  xmlns:web=\"http://techprimers.com/spring-boot-soap-example\">\r\n    <soapenv:Header/>\r\n    <soapenv:Body>\r\n        <web:ConfirmUraPRNRequest>\r\n            <web:prn>202500001</web:prn>\r\n            <web:bankCd>100001</web:bankCd>\r\n             <web:loginId>uraadmin</web:loginId>\r\n              <web:passWd>Samsdcfd</web:passWd>     \r\n             <web:apiUser>aao_ura</web:apiUser>\r\n            <web:apiKey>eyJhbGciOiJIUzI1NiIsInR5cCI6IkpXVCJ9.eyJzdWIiOiIwNjExMzEyMDUzIiwibmFtZSI6ImFic2F1Z2FuZGEiLCJpYXQiOjE3MzA5NjY4NDV9.8B6aYY-FYRfqxAGjnHbMfp26DjTRte0lINYkR4cLBYE</web:apiKey>\r\n             <web:method>ura</web:method>\r\n              <web:transactionRef>/20241121/14353074502</web:transactionRef>                 \r\n        </web:ConfirmUraPRNRequest>\r\n    </soapenv:Body>\r\n</soapenv:Envelope>",
									"options": {
										"raw": {
											"language": "xml"
										}
									}
								},
								"url": {
									"raw": "http://localhost:8091/soapWS",
									"protocol": "http",
									"host": [
										"localhost"
									],
									"port": "8091",
									"path": [
										"soapWS"
									]
								}
							},
							"response": []
						},
						{
							"name": "users-TRN",
							"request": {
								"auth": {
									"type": "noauth"
								},
								"method": "POST",
								"header": [
									{
										"key": "Content-Type",
										"value": "text/xml",
										"type": "text"
									},
									{
										"key": "Accept",
										"value": "text/xml",
										"type": "text"
									}
								],
								"body": {
									"mode": "raw",
									"raw": "<soapenv:Envelope xmlns:soapenv=\"http://schemas.xmlsoap.org/soap/envelope/\"\r\n                  xmlns:web=\"http://techprimers.com/spring-boot-soap-example\">\r\n    <soapenv:Header/>\r\n    <soapenv:Body>\r\n        <web:NotifyUraPaymentRequest>\r\n            <web:loginId>Sam</web:loginId>\r\n            <web:passWd>Sam</web:passWd>\r\n            <web:apiUser>aao_ura</web:apiUser>\r\n            <web:apiKey>eyJhbGciOiJIUzI1NiIsInR5cCI6IkpXVCJ9.eyJzdWIiOiIwNjExMzEyMDUzIiwibmFtZSI6ImFic2F1Z2FuZGEiLCJpYXQiOjE3MzA5NjY4NDV9.8B6aYY-FYRfqxAGjnHbMfp26DjTRte0lINYkR4cLBYE</web:apiKey>           \r\n            <web:TransactionEntity>\r\n                <web:amount>100</web:amount>\r\n                <web:prn>202500001</web:prn>\r\n                <web:tin>10</web:tin>\r\n            </web:TransactionEntity>\r\n            <web:TransactionEntity>\r\n                <web:amount>106</web:amount>\r\n                <web:prn>202500002</web:prn>\r\n                <web:tin>11</web:tin>\r\n            </web:TransactionEntity>\r\n            <web:TransactionEntity>\r\n                <web:amount>104</web:amount>\r\n                <web:prn>202500003</web:prn>\r\n                <web:tin>12</web:tin>\r\n            </web:TransactionEntity>\r\n        </web:NotifyUraPaymentRequest>\r\n    </soapenv:Body>\r\n</soapenv:Envelope>",
									"options": {
										"raw": {
											"language": "xml"
										}
									}
								},
								"url": {
									"raw": "http://localhost:8091/soapWS",
									"protocol": "http",
									"host": [
										"localhost"
									],
									"port": "8091",
									"path": [
										"soapWS"
									]
								}
							},
							"response": []
						},
						{
							"name": "users-BOU",
							"request": {
								"auth": {
									"type": "noauth"
								},
								"method": "POST",
								"header": [
									{
										"key": "Content-Type",
										"value": "text/xml",
										"type": "text"
									},
									{
										"key": "Accept",
										"value": "text/xml",
										"type": "text"
									}
								],
								"body": {
									"mode": "raw",
									"raw": "<soapenv:Envelope xmlns:soapenv=\"http://schemas.xmlsoap.org/soap/envelope/\"\r\n                  xmlns:web=\"http://techprimers.com/spring-boot-soap-example\">\r\n    <soapenv:Header/>\r\n    <soapenv:Body>\r\n        <web:NotifyBouTransferRequest>\r\n            <web:loginId>Sam</web:loginId>\r\n            <web:passWd>Sam</web:passWd>\r\n            <web:apiUser>aao_ura</web:apiUser>\r\n            <web:apiKey>eyJhbGciOiJIUzI1NiIsInR5cCI6IkpXVCJ9.eyJzdWIiOiIwNjExMzEyMDUzIiwibmFtZSI6ImFic2F1Z2FuZGEiLCJpYXQiOjE3MzA5NjY4NDV9.8B6aYY-FYRfqxAGjnHbMfp26DjTRte0lINYkR4cLBYE</web:apiKey>           \r\n            <web:BouEntity>\r\n                <web:amount>3535.76</web:amount>\r\n                <web:sourceAccountNo>74397349743943</web:sourceAccountNo>\r\n            </web:BouEntity>\r\n        </web:NotifyBouTransferRequest>\r\n    </soapenv:Body>\r\n</soapenv:Envelope>",
									"options": {
										"raw": {
											"language": "xml"
										}
									}
								},
								"url": {
									"raw": "http://localhost:8091/soapWS",
									"protocol": "http",
									"host": [
										"localhost"
									],
									"port": "8091",
									"path": [
										"soapWS"
									]
								}
							},
							"response": []
						},
						{
							"name": "users-ENDDAY",
							"request": {
								"auth": {
									"type": "noauth"
								},
								"method": "POST",
								"header": [
									{
										"key": "Content-Type",
										"value": "text/xml",
										"type": "text"
									},
									{
										"key": "Accept",
										"value": "text/xml",
										"type": "text"
									}
								],
								"body": {
									"mode": "raw",
									"raw": "<soapenv:Envelope xmlns:soapenv=\"http://schemas.xmlsoap.org/soap/envelope/\"\r\n                  xmlns:web=\"http://techprimers.com/spring-boot-soap-example\">\r\n    <soapenv:Header/>\r\n    <soapenv:Body>\r\n        <web:NotifyEndOfDayFileRequest>\r\n            <web:loginId>Sam</web:loginId>\r\n            <web:passWd>Sam</web:passWd>\r\n            <web:apiUser>aao_ura</web:apiUser>\r\n            <web:apiKey>eyJhbGciOiJIUzI1NiIsInR5cCI6IkpXVCJ9.eyJzdWIiOiIwNjExMzEyMDUzIiwibmFtZSI6ImFic2F1Z2FuZGEiLCJpYXQiOjE3MzA5NjY4NDV9.8B6aYY-FYRfqxAGjnHbMfp26DjTRte0lINYkR4cLBYE</web:apiKey>           \r\n            <web:xmlurl>samename.xml</web:xmlurl>\r\n        </web:NotifyEndOfDayFileRequest>\r\n    </soapenv:Body>\r\n</soapenv:Envelope>",
									"options": {
										"raw": {
											"language": "xml"
										}
									}
								},
								"url": {
									"raw": "http://localhost:8091/soapWS",
									"protocol": "http",
									"host": [
										"localhost"
									],
									"port": "8091",
									"path": [
										"soapWS"
									]
								}
							},
							"response": []
						},
						{
							"name": "users-STMT",
							"request": {
								"auth": {
									"type": "noauth"
								},
								"method": "POST",
								"header": [
									{
										"key": "Content-Type",
										"value": "text/xml",
										"type": "text"
									},
									{
										"key": "Accept",
										"value": "text/xml",
										"type": "text"
									}
								],
								"body": {
									"mode": "raw",
									"raw": "<soapenv:Envelope xmlns:soapenv=\"http://schemas.xmlsoap.org/soap/envelope/\"\r\n                  xmlns:web=\"http://techprimers.com/spring-boot-soap-example\">\r\n    <soapenv:Header/>\r\n    <soapenv:Body>\r\n        <web:NotifyEBankStmtRequest>\r\n            <web:loginId>Sam</web:loginId>\r\n            <web:passWd>Sam</web:passWd>\r\n            <web:apiUser>aao_ura</web:apiUser>\r\n            <web:apiKey>eyJhbGciOiJIUzI1NiIsInR5cCI6IkpXVCJ9.eyJzdWIiOiIwNjExMzEyMDUzIiwibmFtZSI6ImFic2F1Z2FuZGEiLCJpYXQiOjE3MzA5NjY4NDV9.8B6aYY-FYRfqxAGjnHbMfp26DjTRte0lINYkR4cLBYE</web:apiKey>           \r\n            <web:xmlurl>samename.xml</web:xmlurl>\r\n        </web:NotifyEBankStmtRequest>\r\n    </soapenv:Body>\r\n</soapenv:Envelope>",
									"options": {
										"raw": {
											"language": "xml"
										}
									}
								},
								"url": {
									"raw": "http://localhost:8091/soapWS",
									"protocol": "http",
									"host": [
										"localhost"
									],
									"port": "8091",
									"path": [
										"soapWS"
									]
								}
							},
							"response": []
						},
						{
							"name": "users wsdl",
							"request": {
								"auth": {
									"type": "noauth"
								},
								"method": "GET",
								"header": [
									{
										"key": "Content-Type",
										"value": "text/xml",
										"type": "text"
									},
									{
										"key": "Accept",
										"value": "text/xml",
										"type": "text"
									}
								],
								"url": {
									"raw": "http://localhost:8091/soapWS/prns.wsdl",
									"protocol": "http",
									"host": [
										"localhost"
									],
									"port": "8091",
									"path": [
										"soapWS",
										"prns.wsdl"
									]
								}
							},
							"response": []
						}
					]
				},
				{
					"name": "2_STUDIO",
					"item": [
						{
							"name": "users wso2 studio PRN",
							"request": {
								"auth": {
									"type": "noauth"
								},
								"method": "POST",
								"header": [
									{
										"key": "Content-Type",
										"value": "text/xml",
										"type": "text"
									},
									{
										"key": "Accept",
										"value": "text/xml",
										"type": "text"
									}
								],
								"body": {
									"mode": "raw",
									"raw": "<soapenv:Envelope xmlns:soapenv=\"http://schemas.xmlsoap.org/soap/envelope/\"\r\n                  xmlns:web=\"http://techprimers.com/spring-boot-soap-example\">\r\n    <soapenv:Header/>\r\n    <soapenv:Body>\r\n        <web:ConfirmUraPRNRequest>\r\n            <web:prn>202500001</web:prn>\r\n            <web:bankCd>100001</web:bankCd>\r\n             <web:loginId>uraadmin</web:loginId>\r\n              <web:passWd>Samsdcfd</web:passWd>     \r\n             <web:apiUser>aao_ura</web:apiUser>\r\n            <web:apiKey>eyJhbGciOiJIUzI1NiIsInR5cCI6IkpXVCJ9.eyJzdWIiOiIwNjExMzEyMDUzIiwibmFtZSI6ImFic2F1Z2FuZGEiLCJpYXQiOjE3MzA5NjY4NDV9.8B6aYY-FYRfqxAGjnHbMfp26DjTRte0lINYkR4cLBYE</web:apiKey>\r\n             <web:method>ura</web:method>\r\n              <web:transactionRef>/20241121/14353074502</web:transactionRef>                 \r\n        </web:ConfirmUraPRNRequest>\r\n    </soapenv:Body>\r\n</soapenv:Envelope>",
									"options": {
										"raw": {
											"language": "xml"
										}
									}
								},
								"url": {
									"raw": "http://localhost:8290/default/confirmUraPRN",
									"protocol": "http",
									"host": [
										"localhost"
									],
									"port": "8290",
									"path": [
										"default",
										"confirmUraPRN"
									]
								}
							},
							"response": []
						},
						{
							"name": "users wso2 studio TRN",
							"request": {
								"auth": {
									"type": "noauth"
								},
								"method": "POST",
								"header": [
									{
										"key": "Content-Type",
										"value": "text/xml",
										"type": "text"
									},
									{
										"key": "Accept",
										"value": "text/xml",
										"type": "text"
									}
								],
								"body": {
									"mode": "raw",
									"raw": "<soapenv:Envelope xmlns:soapenv=\"http://schemas.xmlsoap.org/soap/envelope/\"\r\n                  xmlns:web=\"http://techprimers.com/spring-boot-soap-example\">\r\n    <soapenv:Header/>\r\n    <soapenv:Body>\r\n        <web:NotifyUraPaymentRequest>\r\n            <web:loginId>Sam</web:loginId>\r\n            <web:passWd>Sam</web:passWd>\r\n            <web:apiUser>aao_ura</web:apiUser>\r\n            <web:apiKey>eyJhbGciOiJIUzI1NiIsInR5cCI6IkpXVCJ9.eyJzdWIiOiIwNjExMzEyMDUzIiwibmFtZSI6ImFic2F1Z2FuZGEiLCJpYXQiOjE3MzA5NjY4NDV9.8B6aYY-FYRfqxAGjnHbMfp26DjTRte0lINYkR4cLBYE</web:apiKey>           \r\n            <web:TransactionEntity>\r\n                <web:Amount>100</web:Amount>\r\n                <web:Prn>202500001</web:Prn>\r\n                <web:Tin>10</web:Tin>\r\n            </web:TransactionEntity>\r\n            <web:TransactionEntity>\r\n                <web:Amount>106</web:Amount>\r\n                <web:Prn>202500002</web:Prn>\r\n                <web:Tin>11</web:Tin>\r\n            </web:TransactionEntity>\r\n            <web:TransactionEntity>\r\n                <web:Amount>104</web:Amount>\r\n                <web:Prn>202500003</web:Prn>\r\n                <web:Tin>12</web:Tin>\r\n            </web:TransactionEntity>\r\n        </web:NotifyUraPaymentRequest>\r\n    </soapenv:Body>\r\n</soapenv:Envelope>",
									"options": {
										"raw": {
											"language": "xml"
										}
									}
								},
								"url": {
									"raw": "http://localhost:8290/default/notifyUraPayment",
									"protocol": "http",
									"host": [
										"localhost"
									],
									"port": "8290",
									"path": [
										"default",
										"notifyUraPayment"
									]
								}
							},
							"response": []
						},
						{
							"name": "users wso2 studio BOU",
							"request": {
								"auth": {
									"type": "noauth"
								},
								"method": "POST",
								"header": [
									{
										"key": "Content-Type",
										"value": "text/xml",
										"type": "text"
									},
									{
										"key": "Accept",
										"value": "text/xml",
										"type": "text"
									}
								],
								"body": {
									"mode": "raw",
									"raw": "<soapenv:Envelope xmlns:soapenv=\"http://schemas.xmlsoap.org/soap/envelope/\"\r\n                  xmlns:web=\"http://techprimers.com/spring-boot-soap-example\">\r\n    <soapenv:Header/>\r\n    <soapenv:Body>\r\n        <web:NotifyBouTransferRequest>\r\n            <web:loginId>Sam</web:loginId>\r\n            <web:passWd>Sam</web:passWd>\r\n            <web:apiUser>aao_ura</web:apiUser>\r\n            <web:apiKey>eyJhbGciOiJIUzI1NiIsInR5cCI6IkpXVCJ9.eyJzdWIiOiIwNjExMzEyMDUzIiwibmFtZSI6ImFic2F1Z2FuZGEiLCJpYXQiOjE3MzA5NjY4NDV9.8B6aYY-FYRfqxAGjnHbMfp26DjTRte0lINYkR4cLBYE</web:apiKey>           \r\n            <web:BouEntity>\r\n                <web:amount>3535.76</web:amount>\r\n                <web:sourceAccountNo>74397349743943</web:sourceAccountNo>\r\n            </web:BouEntity>\r\n        </web:NotifyBouTransferRequest>\r\n    </soapenv:Body>\r\n</soapenv:Envelope>",
									"options": {
										"raw": {
											"language": "xml"
										}
									}
								},
								"url": {
									"raw": "http://localhost:8290/default/notifyBouTransfer",
									"protocol": "http",
									"host": [
										"localhost"
									],
									"port": "8290",
									"path": [
										"default",
										"notifyBouTransfer"
									]
								}
							},
							"response": []
						},
						{
							"name": "users wso2 studio ENDDAY",
							"request": {
								"auth": {
									"type": "noauth"
								},
								"method": "POST",
								"header": [
									{
										"key": "Content-Type",
										"value": "text/xml",
										"type": "text"
									},
									{
										"key": "Accept",
										"value": "text/xml",
										"type": "text"
									}
								],
								"body": {
									"mode": "raw",
									"raw": "<soapenv:Envelope xmlns:soapenv=\"http://schemas.xmlsoap.org/soap/envelope/\"\r\n                  xmlns:web=\"http://techprimers.com/spring-boot-soap-example\">\r\n    <soapenv:Header/>\r\n    <soapenv:Body>\r\n        <web:NotifyEndOfDayFileRequest>\r\n            <web:loginId>Sam</web:loginId>\r\n            <web:passWd>Sam</web:passWd>\r\n            <web:apiUser>aao_ura</web:apiUser>\r\n            <web:apiKey>eyJhbGciOiJIUzI1NiIsInR5cCI6IkpXVCJ9.eyJzdWIiOiIwNjExMzEyMDUzIiwibmFtZSI6ImFic2F1Z2FuZGEiLCJpYXQiOjE3MzA5NjY4NDV9.8B6aYY-FYRfqxAGjnHbMfp26DjTRte0lINYkR4cLBYE</web:apiKey>           \r\n            <web:xmlurl>samename.xml</web:xmlurl>\r\n        </web:NotifyEndOfDayFileRequest>\r\n    </soapenv:Body>\r\n</soapenv:Envelope>",
									"options": {
										"raw": {
											"language": "xml"
										}
									}
								},
								"url": {
									"raw": "http://localhost:8290/default/notifyEndOfDay",
									"protocol": "http",
									"host": [
										"localhost"
									],
									"port": "8290",
									"path": [
										"default",
										"notifyEndOfDay"
									]
								}
							},
							"response": []
						},
						{
							"name": "users wso2 studio STMT",
							"request": {
								"auth": {
									"type": "noauth"
								},
								"method": "POST",
								"header": [
									{
										"key": "Content-Type",
										"value": "text/xml",
										"type": "text"
									},
									{
										"key": "Accept",
										"value": "text/xml",
										"type": "text"
									}
								],
								"body": {
									"mode": "raw",
									"raw": "<soapenv:Envelope xmlns:soapenv=\"http://schemas.xmlsoap.org/soap/envelope/\"\r\n                  xmlns:web=\"http://techprimers.com/spring-boot-soap-example\">\r\n    <soapenv:Header/>\r\n    <soapenv:Body>\r\n        <web:NotifyEBankStmtRequest>\r\n            <web:loginId>Sam</web:loginId>\r\n            <web:passWd>Sam</web:passWd>\r\n            <web:apiUser>aao_ura</web:apiUser>\r\n            <web:apiKey>eyJhbGciOiJIUzI1NiIsInR5cCI6IkpXVCJ9.eyJzdWIiOiIwNjExMzEyMDUzIiwibmFtZSI6ImFic2F1Z2FuZGEiLCJpYXQiOjE3MzA5NjY4NDV9.8B6aYY-FYRfqxAGjnHbMfp26DjTRte0lINYkR4cLBYE</web:apiKey>           \r\n            <web:xmlurl>samename.xml</web:xmlurl>\r\n        </web:NotifyEBankStmtRequest>\r\n    </soapenv:Body>\r\n</soapenv:Envelope>",
									"options": {
										"raw": {
											"language": "xml"
										}
									}
								},
								"url": {
									"raw": "http://localhost:8290/default/notifyEBankStmt",
									"protocol": "http",
									"host": [
										"localhost"
									],
									"port": "8290",
									"path": [
										"default",
										"notifyEBankStmt"
									]
								}
							},
							"response": []
						}
					]
				},
				{
					"name": "3_INTGRATOR",
					"item": [
						{
							"name": "users wso2 PRN deployed",
							"request": {
								"auth": {
									"type": "noauth"
								},
								"method": "POST",
								"header": [
									{
										"key": "Content-Type",
										"value": "text/xml",
										"type": "text"
									},
									{
										"key": "Accept",
										"value": "text/xml",
										"type": "text"
									}
								],
								"body": {
									"mode": "raw",
									"raw": "<soapenv:Envelope xmlns:soapenv=\"http://schemas.xmlsoap.org/soap/envelope/\"\r\n                  xmlns:web=\"http://techprimers.com/spring-boot-soap-example\">\r\n    <soapenv:Header/>\r\n    <soapenv:Body>\r\n        <web:ConfirmUraPRNRequest>\r\n            <web:prn>202500001</web:prn>\r\n            <web:bankCd>100001</web:bankCd>\r\n             <web:loginId>uraadmin</web:loginId>\r\n              <web:passWd>Samsdcfd</web:passWd>     \r\n             <web:apiUser>aao_ura</web:apiUser>\r\n            <web:apiKey>eyJhbGciOiJIUzI1NiIsInR5cCI6IkpXVCJ9.eyJzdWIiOiIwNjExMzEyMDUzIiwibmFtZSI6ImFic2F1Z2FuZGEiLCJpYXQiOjE3MzA5NjY4NDV9.8B6aYY-FYRfqxAGjnHbMfp26DjTRte0lINYkR4cLBYE</web:apiKey>\r\n             <web:method>ura</web:method>\r\n              <web:transactionRef>/20241121/14353074502</web:transactionRef>                 \r\n        </web:ConfirmUraPRNRequest>\r\n    </soapenv:Body>\r\n</soapenv:Envelope>",
									"options": {
										"raw": {
											"language": "xml"
										}
									}
								},
								"url": {
									"raw": "http://192.168.1.85:8280/default/confirmUraPRN",
									"protocol": "http",
									"host": [
										"192",
										"168",
										"1",
										"85"
									],
									"port": "8280",
									"path": [
										"default",
										"confirmUraPRN"
									]
								}
							},
							"response": []
						},
						{
							"name": "users wso2 TRN deployed",
							"request": {
								"auth": {
									"type": "noauth"
								},
								"method": "POST",
								"header": [
									{
										"key": "Content-Type",
										"value": "text/xml",
										"type": "text"
									},
									{
										"key": "Accept",
										"value": "text/xml",
										"type": "text"
									}
								],
								"body": {
									"mode": "raw",
									"raw": "<soapenv:Envelope xmlns:soapenv=\"http://schemas.xmlsoap.org/soap/envelope/\"\r\n                  xmlns:web=\"http://techprimers.com/spring-boot-soap-example\">\r\n    <soapenv:Header/>\r\n    <soapenv:Body>\r\n        <web:NotifyUraPaymentRequest>\r\n            <web:loginId>Sam</web:loginId>\r\n            <web:passWd>Sam</web:passWd>\r\n            <web:apiUser>aao_ura</web:apiUser>\r\n            <web:apiKey>eyJhbGciOiJIUzI1NiIsInR5cCI6IkpXVCJ9.eyJzdWIiOiIwNjExMzEyMDUzIiwibmFtZSI6ImFic2F1Z2FuZGEiLCJpYXQiOjE3MzA5NjY4NDV9.8B6aYY-FYRfqxAGjnHbMfp26DjTRte0lINYkR4cLBYE</web:apiKey>           \r\n            <web:TransactionEntity>\r\n                <web:Amount>100</web:Amount>\r\n                <web:Prn>202500001</web:Prn>\r\n                <web:Tin>10</web:Tin>\r\n            </web:TransactionEntity>\r\n            <web:TransactionEntity>\r\n                <web:Amount>106</web:Amount>\r\n                <web:Prn>202500002</web:Prn>\r\n                <web:Tin>11</web:Tin>\r\n            </web:TransactionEntity>\r\n            <web:TransactionEntity>\r\n                <web:Amount>104</web:Amount>\r\n                <web:Prn>202500003</web:Prn>\r\n                <web:Tin>12</web:Tin>\r\n            </web:TransactionEntity>\r\n        </web:NotifyUraPaymentRequest>\r\n    </soapenv:Body>\r\n</soapenv:Envelope>",
									"options": {
										"raw": {
											"language": "xml"
										}
									}
								},
								"url": {
									"raw": "http://192.168.1.85:8280/default/notifyUraPayment",
									"protocol": "http",
									"host": [
										"192",
										"168",
										"1",
										"85"
									],
									"port": "8280",
									"path": [
										"default",
										"notifyUraPayment"
									]
								}
							},
							"response": []
						},
						{
							"name": "users wso2 BOU deployed",
							"request": {
								"auth": {
									"type": "noauth"
								},
								"method": "POST",
								"header": [
									{
										"key": "Content-Type",
										"value": "text/xml",
										"type": "text"
									},
									{
										"key": "Accept",
										"value": "text/xml",
										"type": "text"
									}
								],
								"body": {
									"mode": "raw",
									"raw": "        <web:NotifyBouTransferRequest>\r\n            <web:loginId>Sam</web:loginId>\r\n            <web:passWd>Sam</web:passWd>\r\n            <web:apiUser>aao_ura</web:apiUser>\r\n            <web:apiKey>eyJhbGciOiJIUzI1NiIsInR5cCI6IkpXVCJ9.eyJzdWIiOiIwNjExMzEyMDUzIiwibmFtZSI6ImFic2F1Z2FuZGEiLCJpYXQiOjE3MzA5NjY4NDV9.8B6aYY-FYRfqxAGjnHbMfp26DjTRte0lINYkR4cLBYE</web:apiKey>           \r\n            <web:BouEntity>\r\n                <web:amount>3535.76</web:amount>\r\n                <web:sourceAccountNo>74397349743943</web:sourceAccountNo>\r\n            </web:BouEntity>\r\n        </web:NotifyBouTransferRequest>",
									"options": {
										"raw": {
											"language": "xml"
										}
									}
								},
								"url": {
									"raw": "http://192.168.1.85:8280/default/notifyBouTransfer",
									"protocol": "http",
									"host": [
										"192",
										"168",
										"1",
										"85"
									],
									"port": "8280",
									"path": [
										"default",
										"notifyBouTransfer"
									]
								}
							},
							"response": []
						},
						{
							"name": "users wso2 ENDDAY deployed",
							"request": {
								"auth": {
									"type": "noauth"
								},
								"method": "POST",
								"header": [
									{
										"key": "Content-Type",
										"value": "text/xml",
										"type": "text"
									},
									{
										"key": "Accept",
										"value": "text/xml",
										"type": "text"
									}
								],
								"body": {
									"mode": "raw",
									"raw": "<soapenv:Envelope xmlns:soapenv=\"http://schemas.xmlsoap.org/soap/envelope/\"\r\n                  xmlns:web=\"http://techprimers.com/spring-boot-soap-example\">\r\n    <soapenv:Header/>\r\n    <soapenv:Body>\r\n        <web:NotifyEndOfDayFileRequest>\r\n            <web:loginId>Sam</web:loginId>\r\n            <web:passWd>Sam</web:passWd>\r\n            <web:apiUser>aao_ura</web:apiUser>\r\n            <web:apiKey>eyJhbGciOiJIUzI1NiIsInR5cCI6IkpXVCJ9.eyJzdWIiOiIwNjExMzEyMDUzIiwibmFtZSI6ImFic2F1Z2FuZGEiLCJpYXQiOjE3MzA5NjY4NDV9.8B6aYY-FYRfqxAGjnHbMfp26DjTRte0lINYkR4cLBYE</web:apiKey>           \r\n            <web:xmlurl>samename.xml</web:xmlurl>\r\n        </web:NotifyEndOfDayFileRequest>\r\n    </soapenv:Body>\r\n</soapenv:Envelope>",
									"options": {
										"raw": {
											"language": "xml"
										}
									}
								},
								"url": {
									"raw": "http://192.168.1.85:8280/default/notifyEndOfDay",
									"protocol": "http",
									"host": [
										"192",
										"168",
										"1",
										"85"
									],
									"port": "8280",
									"path": [
										"default",
										"notifyEndOfDay"
									]
								}
							},
							"response": []
						},
						{
							"name": "users wso2 STMT deployed",
							"request": {
								"auth": {
									"type": "noauth"
								},
								"method": "POST",
								"header": [
									{
										"key": "Content-Type",
										"value": "text/xml",
										"type": "text"
									},
									{
										"key": "Accept",
										"value": "text/xml",
										"type": "text"
									}
								],
								"body": {
									"mode": "raw",
									"raw": "<soapenv:Envelope xmlns:soapenv=\"http://schemas.xmlsoap.org/soap/envelope/\"\r\n                  xmlns:web=\"http://techprimers.com/spring-boot-soap-example\">\r\n    <soapenv:Header/>\r\n    <soapenv:Body>\r\n        <web:NotifyEBankStmtRequest>\r\n            <web:loginId>Sam</web:loginId>\r\n            <web:passWd>Sam</web:passWd>\r\n            <web:apiUser>aao_ura</web:apiUser>\r\n            <web:apiKey>eyJhbGciOiJIUzI1NiIsInR5cCI6IkpXVCJ9.eyJzdWIiOiIwNjExMzEyMDUzIiwibmFtZSI6ImFic2F1Z2FuZGEiLCJpYXQiOjE3MzA5NjY4NDV9.8B6aYY-FYRfqxAGjnHbMfp26DjTRte0lINYkR4cLBYE</web:apiKey>           \r\n            <web:xmlurl>samename.xml</web:xmlurl>\r\n        </web:NotifyEBankStmtRequest>\r\n    </soapenv:Body>\r\n</soapenv:Envelope>",
									"options": {
										"raw": {
											"language": "xml"
										}
									}
								},
								"url": {
									"raw": "http://192.168.1.85:8280/default/notifyEBankStmt",
									"protocol": "http",
									"host": [
										"192",
										"168",
										"1",
										"85"
									],
									"port": "8280",
									"path": [
										"default",
										"notifyEBankStmt"
									]
								}
							},
							"response": []
						}
					]
				},
				{
					"name": "4_OPEN",
					"item": [
						{
							"name": "ura-open PRN",
							"request": {
								"method": "POST",
								"header": [
									{
										"key": "Content-Type",
										"value": "application/json"
									}
								],
								"body": {
									"mode": "raw",
									"raw": "{\r\n\r\n    \"api_user\": \"aao_ura\",\r\n\r\n    \"api_key\": \"eyJhbGciOiJIUzI1NiIsInR5cCI6IkpXVCJ9.eyJzdWIiOiIwNjExMzEyMDUzIiwibmFtZSI6ImFic2F1Z2FuZGEiLCJpYXQiOjE3MzA5NjY4NDV9.8B6aYY-FYRfqxAGjnHbMfp26DjTRte0lINYkR4cLBYE\",\r\n\r\n    \"method\": \"confirmuraprn\",\r\n\r\n    \"data\": {\r\n\r\n        \"transaction_ref\": \"/20241121/14353074502\",\r\n\r\n         \"prn\": \"202500004\",\r\n\r\n        \"bankCd\": \"100001\",\r\n\r\n        \"loginId\": \"uraadmin\",\r\n\r\n        \"passWd\": \"hjj20241121\"\r\n\r\n\r\n    }\r\n\r\n}",
									"options": {
										"raw": {
											"language": "json"
										}
									}
								},
								"url": {
									"raw": "http://192.168.1.85:8280/utility_ura/api/confirmuraprn",
									"protocol": "http",
									"host": [
										"192",
										"168",
										"1",
										"85"
									],
									"port": "8280",
									"path": [
										"utility_ura",
										"api",
										"confirmuraprn"
									]
								},
								"description": "Generated from cURL: curl --location 'https://localhost:8243/utility_bill_payments/api/umeme' \\\r\n\r\n--header 'Content-Type: application/json' \\\r\n\r\n--data '{\r\n\r\n    \"api_user\": \"aao_umeme\",\r\n\r\n    \"api_key\": \"eyJhbGciOiJIUzI1NiIsInR5cCI6IkpXVCJ9.eyJzdWIiOiIwNjExMzEyMDUzIiwibmFtZSI6ImFic2F1Z2FuZGEiLCJpYXQiOjE3MzA5NjY4NDV9.8B6aYY-FYRfqxAGjnHbMfp26DjTRte0lINYkR4cLBYE\",\r\n\r\n    \"method\": \"notify\",\r\n\r\n    \"data\": {\r\n\r\n        \"customer_ref\": \"102024222196\",\r\n\r\n        \"transaction_type\" :\"CASH\",\r\n\r\n        \"teller\": \"mark01\",\r\n\r\n        \"cheque_no\": \"\",\r\n\r\n        \"amount\": \"2000\",\r\n\r\n        \"narrative\": \"\",\r\n\r\n        \"customer_name\": \"BOGERE   JOHN\",\r\n\r\n        \"mobile_no\": \"0779280367\",\r\n\r\n        \"payment_date\": \"2024-1121\",\r\n\r\n        \"transaction_ref\": \"/20241121/14353074502\",\r\n\r\n        \"reversed_transaction_ref\": \"\",\r\n\r\n        \"reversal\": \"F\",\r\n\r\n        \"pay_offline\": \"F\",\r\n\r\n        \"customer_type\": \"PREPAID\",\r\n\r\n        \"verification_status_code\": \"0\",\r\n\r\n        \"verification_status_desc\": \"SUCCESS\"\r\n\r\n    }\r\n\r\n}'"
							},
							"response": []
						},
						{
							"name": "ura-open TRN",
							"request": {
								"method": "POST",
								"header": [
									{
										"key": "Content-Type",
										"value": "application/json"
									}
								],
								"body": {
									"mode": "raw",
									"raw": "{\r\n\t\"api_user\": \"aao_ura\",\r\n\t\"api_key\": \"eyJhbGciOiJIUzI1NiIsInR5cCI6IkpXVCJ9.eyJzdWIiOiIwNjExMzEyMDUzIiwibmFtZSI6ImFic2F1Z2FuZGEiLCJpYXQiOjE3MzA5NjY4NDV9.8B6aYY-FYRfqxAGjnHbMfp26DjTRte0lINYkR4cLBYE\",\r\n\t\"method\": \"notifyurapayment\",\r\n\t\"data\": {\r\n\t\t\"bankCd\": \"100001\",\r\n\t\t\"loginId\": \"uraadmin\",\r\n\t\t\"passWd\": \"hjj20241121\",\r\n\t\t\"transactionEntity\": [\r\n\t\t\t{\r\n\t\t\t\t\"prn\": \"202500001\",\r\n\t\t\t\t\"amount\": \"1000.90\",\r\n\t\t\t\t\"tin\": \"xx11uraadmin\"\r\n\t\t\t},\r\n\t\t\t{\r\n\t\t\t\t\"prn\": \"202500002\",\r\n\t\t\t\t\"amount\": \"3534.90\",\r\n\t\t\t\t\"tin\": \"xx11uraadmin\"\r\n\t\t\t},\r\n\t\t\t{\r\n\t\t\t\t\"prn\": \"202500003\",\r\n\t\t\t\t\"amount\": \"2423.90\",\r\n\t\t\t\t\"tin\": \"xx11uraadmin\"\r\n\t\t\t}\r\n\t\t]\r\n\t}\r\n}",
									"options": {
										"raw": {
											"language": "json"
										}
									}
								},
								"url": {
									"raw": "https://localhost:8243/utility_ura/api/notifyurapayment",
									"protocol": "https",
									"host": [
										"localhost"
									],
									"port": "8243",
									"path": [
										"utility_ura",
										"api",
										"notifyurapayment"
									]
								},
								"description": "Generated from cURL: curl --location 'https://localhost:8243/utility_bill_payments/api/umeme' \\\r\n\r\n--header 'Content-Type: application/json' \\\r\n\r\n--data '{\r\n\r\n    \"api_user\": \"aao_umeme\",\r\n\r\n    \"api_key\": \"eyJhbGciOiJIUzI1NiIsInR5cCI6IkpXVCJ9.eyJzdWIiOiIwNjExMzEyMDUzIiwibmFtZSI6ImFic2F1Z2FuZGEiLCJpYXQiOjE3MzA5NjY4NDV9.8B6aYY-FYRfqxAGjnHbMfp26DjTRte0lINYkR4cLBYE\",\r\n\r\n    \"method\": \"notify\",\r\n\r\n    \"data\": {\r\n\r\n        \"customer_ref\": \"102024222196\",\r\n\r\n        \"transaction_type\" :\"CASH\",\r\n\r\n        \"teller\": \"mark01\",\r\n\r\n        \"cheque_no\": \"\",\r\n\r\n        \"amount\": \"2000\",\r\n\r\n        \"narrative\": \"\",\r\n\r\n        \"customer_name\": \"BOGERE   JOHN\",\r\n\r\n        \"mobile_no\": \"0779280367\",\r\n\r\n        \"payment_date\": \"2024-1121\",\r\n\r\n        \"transaction_ref\": \"/20241121/14353074502\",\r\n\r\n        \"reversed_transaction_ref\": \"\",\r\n\r\n        \"reversal\": \"F\",\r\n\r\n        \"pay_offline\": \"F\",\r\n\r\n        \"customer_type\": \"PREPAID\",\r\n\r\n        \"verification_status_code\": \"0\",\r\n\r\n        \"verification_status_desc\": \"SUCCESS\"\r\n\r\n    }\r\n\r\n}'"
							},
							"response": []
						},
						{
							"name": "ura-open BOU",
							"request": {
								"method": "POST",
								"header": [
									{
										"key": "Content-Type",
										"value": "application/json"
									}
								],
								"body": {
									"mode": "raw",
									"raw": "{\r\n\t\"api_user\": \"aao_ura\",\r\n\t\"api_key\": \"eyJhbGciOiJIUzI1NiIsInR5cCI6IkpXVCJ9.eyJzdWIiOiIwNjExMzEyMDUzIiwibmFtZSI6ImFic2F1Z2FuZGEiLCJpYXQiOjE3MzA5NjY4NDV9.8B6aYY-FYRfqxAGjnHbMfp26DjTRte0lINYkR4cLBYE\",\r\n\t\"method\": \"notifyboutransfer\",\r\n\t\"data\": {\r\n\t\t\"bankCd\": \"100001\",\r\n\t\t\"loginId\": \"uraadmin\",\r\n\t\t\"passWd\": \"hjj20241121\",\r\n\t\t\"bouEntity\": [\r\n\t\t\t{\r\n\t\t\t\t\"sourceAccountNo\": \"74397349743943\",\r\n\t\t\t\t\"amount\": \"3535.76\"\r\n\t\t\t}\r\n\t\t]\r\n\t}\r\n}",
									"options": {
										"raw": {
											"language": "json"
										}
									}
								},
								"url": {
									"raw": "http://192.168.1.85:8280/utility_ura/api/notifyboutransfer",
									"protocol": "http",
									"host": [
										"192",
										"168",
										"1",
										"85"
									],
									"port": "8280",
									"path": [
										"utility_ura",
										"api",
										"notifyboutransfer"
									]
								},
								"description": "Generated from cURL: curl --location 'https://localhost:8243/utility_bill_payments/api/umeme' \\\r\n\r\n--header 'Content-Type: application/json' \\\r\n\r\n--data '{\r\n\r\n    \"api_user\": \"aao_umeme\",\r\n\r\n    \"api_key\": \"eyJhbGciOiJIUzI1NiIsInR5cCI6IkpXVCJ9.eyJzdWIiOiIwNjExMzEyMDUzIiwibmFtZSI6ImFic2F1Z2FuZGEiLCJpYXQiOjE3MzA5NjY4NDV9.8B6aYY-FYRfqxAGjnHbMfp26DjTRte0lINYkR4cLBYE\",\r\n\r\n    \"method\": \"notify\",\r\n\r\n    \"data\": {\r\n\r\n        \"customer_ref\": \"102024222196\",\r\n\r\n        \"transaction_type\" :\"CASH\",\r\n\r\n        \"teller\": \"mark01\",\r\n\r\n        \"cheque_no\": \"\",\r\n\r\n        \"amount\": \"2000\",\r\n\r\n        \"narrative\": \"\",\r\n\r\n        \"customer_name\": \"BOGERE   JOHN\",\r\n\r\n        \"mobile_no\": \"0779280367\",\r\n\r\n        \"payment_date\": \"2024-1121\",\r\n\r\n        \"transaction_ref\": \"/20241121/14353074502\",\r\n\r\n        \"reversed_transaction_ref\": \"\",\r\n\r\n        \"reversal\": \"F\",\r\n\r\n        \"pay_offline\": \"F\",\r\n\r\n        \"customer_type\": \"PREPAID\",\r\n\r\n        \"verification_status_code\": \"0\",\r\n\r\n        \"verification_status_desc\": \"SUCCESS\"\r\n\r\n    }\r\n\r\n}'"
							},
							"response": []
						},
						{
							"name": "ura-open ENDDAY",
							"request": {
								"method": "POST",
								"header": [
									{
										"key": "Content-Type",
										"value": "application/json"
									}
								],
								"body": {
									"mode": "raw",
									"raw": "{\r\n\t\"api_user\": \"aao_ura\",\r\n\t\"api_key\": \"eyJhbGciOiJIUzI1NiIsInR5cCI6IkpXVCJ9.eyJzdWIiOiIwNjExMzEyMDUzIiwibmFtZSI6ImFic2F1Z2FuZGEiLCJpYXQiOjE3MzA5NjY4NDV9.8B6aYY-FYRfqxAGjnHbMfp26DjTRte0lINYkR4cLBYE\",\r\n\t\"method\": \"notifyendofday\",\r\n\t\"data\": {\r\n        \"loginId\": \"uraadmin\",\r\n        \"passWd\": \"hjj20241121\",\r\n\t\t\"xmlurl\": \"samename.xml\"\r\n\t}\r\n}",
									"options": {
										"raw": {
											"language": "json"
										}
									}
								},
								"url": {
									"raw": "http://192.168.1.85:8280/utility_ura/api/notifyendofday",
									"protocol": "http",
									"host": [
										"192",
										"168",
										"1",
										"85"
									],
									"port": "8280",
									"path": [
										"utility_ura",
										"api",
										"notifyendofday"
									]
								},
								"description": "Generated from cURL: curl --location 'https://localhost:8243/utility_bill_payments/api/umeme' \\\r\n\r\n--header 'Content-Type: application/json' \\\r\n\r\n--data '{\r\n\r\n    \"api_user\": \"aao_umeme\",\r\n\r\n    \"api_key\": \"eyJhbGciOiJIUzI1NiIsInR5cCI6IkpXVCJ9.eyJzdWIiOiIwNjExMzEyMDUzIiwibmFtZSI6ImFic2F1Z2FuZGEiLCJpYXQiOjE3MzA5NjY4NDV9.8B6aYY-FYRfqxAGjnHbMfp26DjTRte0lINYkR4cLBYE\",\r\n\r\n    \"method\": \"notify\",\r\n\r\n    \"data\": {\r\n\r\n        \"customer_ref\": \"102024222196\",\r\n\r\n        \"transaction_type\" :\"CASH\",\r\n\r\n        \"teller\": \"mark01\",\r\n\r\n        \"cheque_no\": \"\",\r\n\r\n        \"amount\": \"2000\",\r\n\r\n        \"narrative\": \"\",\r\n\r\n        \"customer_name\": \"BOGERE   JOHN\",\r\n\r\n        \"mobile_no\": \"0779280367\",\r\n\r\n        \"payment_date\": \"2024-1121\",\r\n\r\n        \"transaction_ref\": \"/20241121/14353074502\",\r\n\r\n        \"reversed_transaction_ref\": \"\",\r\n\r\n        \"reversal\": \"F\",\r\n\r\n        \"pay_offline\": \"F\",\r\n\r\n        \"customer_type\": \"PREPAID\",\r\n\r\n        \"verification_status_code\": \"0\",\r\n\r\n        \"verification_status_desc\": \"SUCCESS\"\r\n\r\n    }\r\n\r\n}'"
							},
							"response": []
						},
						{
							"name": "ura-open STMT",
							"request": {
								"method": "POST",
								"header": [
									{
										"key": "Content-Type",
										"value": "application/json"
									}
								],
								"body": {
									"mode": "raw",
									"raw": "{\r\n\t\"api_user\": \"aao_ura\",\r\n\t\"api_key\": \"eyJhbGciOiJIUzI1NiIsInR5cCI6IkpXVCJ9.eyJzdWIiOiIwNjExMzEyMDUzIiwibmFtZSI6ImFic2F1Z2FuZGEiLCJpYXQiOjE3MzA5NjY4NDV9.8B6aYY-FYRfqxAGjnHbMfp26DjTRte0lINYkR4cLBYE\",\r\n\t\"method\": \"notifyebankstmt\",\r\n\t\"data\": {\r\n        \"loginId\": \"uraadmin\",\r\n        \"passWd\": \"hjj20241121\",\r\n\t\t\"xmlurl\": \"samename.xml\"\r\n\t}\r\n}",
									"options": {
										"raw": {
											"language": "json"
										}
									}
								},
								"url": {
									"raw": "http://192.168.1.85:8280/utility_ura/api/notifyebankstmt",
									"protocol": "http",
									"host": [
										"192",
										"168",
										"1",
										"85"
									],
									"port": "8280",
									"path": [
										"utility_ura",
										"api",
										"notifyebankstmt"
									]
								},
								"description": "Generated from cURL: curl --location 'https://localhost:8243/utility_bill_payments/api/umeme' \\\r\n\r\n--header 'Content-Type: application/json' \\\r\n\r\n--data '{\r\n\r\n    \"api_user\": \"aao_umeme\",\r\n\r\n    \"api_key\": \"eyJhbGciOiJIUzI1NiIsInR5cCI6IkpXVCJ9.eyJzdWIiOiIwNjExMzEyMDUzIiwibmFtZSI6ImFic2F1Z2FuZGEiLCJpYXQiOjE3MzA5NjY4NDV9.8B6aYY-FYRfqxAGjnHbMfp26DjTRte0lINYkR4cLBYE\",\r\n\r\n    \"method\": \"notify\",\r\n\r\n    \"data\": {\r\n\r\n        \"customer_ref\": \"102024222196\",\r\n\r\n        \"transaction_type\" :\"CASH\",\r\n\r\n        \"teller\": \"mark01\",\r\n\r\n        \"cheque_no\": \"\",\r\n\r\n        \"amount\": \"2000\",\r\n\r\n        \"narrative\": \"\",\r\n\r\n        \"customer_name\": \"BOGERE   JOHN\",\r\n\r\n        \"mobile_no\": \"0779280367\",\r\n\r\n        \"payment_date\": \"2024-1121\",\r\n\r\n        \"transaction_ref\": \"/20241121/14353074502\",\r\n\r\n        \"reversed_transaction_ref\": \"\",\r\n\r\n        \"reversal\": \"F\",\r\n\r\n        \"pay_offline\": \"F\",\r\n\r\n        \"customer_type\": \"PREPAID\",\r\n\r\n        \"verification_status_code\": \"0\",\r\n\r\n        \"verification_status_desc\": \"SUCCESS\"\r\n\r\n    }\r\n\r\n}'"
							},
							"response": []
						}
					]
				},
				{
					"name": "4_OPEN via IP",
					"item": [
						{
							"name": "ura-open PRN",
							"request": {
								"method": "POST",
								"header": [
									{
										"key": "Content-Type",
										"value": "application/json"
									}
								],
								"body": {
									"mode": "raw",
									"raw": "{\r\n\r\n    \"api_user\": \"aao_ura\",\r\n\r\n    \"api_key\": \"eyJhbGciOiJIUzI1NiIsInR5cCI6IkpXVCJ9.eyJzdWIiOiIwNjExMzEyMDUzIiwibmFtZSI6ImFic2F1Z2FuZGEiLCJpYXQiOjE3MzA5NjY4NDV9.8B6aYY-FYRfqxAGjnHbMfp26DjTRte0lINYkR4cLBYE\",\r\n\r\n    \"method\": \"confirmuraprn\",\r\n\r\n    \"data\": {\r\n\r\n        \"transaction_ref\": \"/20241121/14353074502\",\r\n\r\n         \"prn\": \"202500004\",\r\n\r\n        \"bankCd\": \"100001\",\r\n\r\n        \"loginId\": \"uraadmin\",\r\n\r\n        \"passWd\": \"hjj20241121\"\r\n\r\n\r\n    }\r\n\r\n}",
									"options": {
										"raw": {
											"language": "json"
										}
									}
								},
								"url": {
									"raw": "https://localhost:8243/utility_ura/api/confirmuraprn",
									"protocol": "https",
									"host": [
										"localhost"
									],
									"port": "8243",
									"path": [
										"utility_ura",
										"api",
										"confirmuraprn"
									]
								},
								"description": "Generated from cURL: curl --location 'https://localhost:8243/utility_bill_payments/api/umeme' \\\r\n\r\n--header 'Content-Type: application/json' \\\r\n\r\n--data '{\r\n\r\n    \"api_user\": \"aao_umeme\",\r\n\r\n    \"api_key\": \"eyJhbGciOiJIUzI1NiIsInR5cCI6IkpXVCJ9.eyJzdWIiOiIwNjExMzEyMDUzIiwibmFtZSI6ImFic2F1Z2FuZGEiLCJpYXQiOjE3MzA5NjY4NDV9.8B6aYY-FYRfqxAGjnHbMfp26DjTRte0lINYkR4cLBYE\",\r\n\r\n    \"method\": \"notify\",\r\n\r\n    \"data\": {\r\n\r\n        \"customer_ref\": \"102024222196\",\r\n\r\n        \"transaction_type\" :\"CASH\",\r\n\r\n        \"teller\": \"mark01\",\r\n\r\n        \"cheque_no\": \"\",\r\n\r\n        \"amount\": \"2000\",\r\n\r\n        \"narrative\": \"\",\r\n\r\n        \"customer_name\": \"BOGERE   JOHN\",\r\n\r\n        \"mobile_no\": \"0779280367\",\r\n\r\n        \"payment_date\": \"2024-1121\",\r\n\r\n        \"transaction_ref\": \"/20241121/14353074502\",\r\n\r\n        \"reversed_transaction_ref\": \"\",\r\n\r\n        \"reversal\": \"F\",\r\n\r\n        \"pay_offline\": \"F\",\r\n\r\n        \"customer_type\": \"PREPAID\",\r\n\r\n        \"verification_status_code\": \"0\",\r\n\r\n        \"verification_status_desc\": \"SUCCESS\"\r\n\r\n    }\r\n\r\n}'"
							},
							"response": []
						},
						{
							"name": "ura-open TRN",
							"request": {
								"method": "POST",
								"header": [
									{
										"key": "Content-Type",
										"value": "application/json"
									}
								],
								"body": {
									"mode": "raw",
									"raw": "{\r\n\t\"api_user\": \"aao_ura\",\r\n\t\"api_key\": \"eyJhbGciOiJIUzI1NiIsInR5cCI6IkpXVCJ9.eyJzdWIiOiIwNjExMzEyMDUzIiwibmFtZSI6ImFic2F1Z2FuZGEiLCJpYXQiOjE3MzA5NjY4NDV9.8B6aYY-FYRfqxAGjnHbMfp26DjTRte0lINYkR4cLBYE\",\r\n\t\"method\": \"notifyurapayment\",\r\n\t\"data\": {\r\n\t\t\"bankCd\": \"100001\",\r\n\t\t\"loginId\": \"uraadmin\",\r\n\t\t\"passWd\": \"hjj20241121\",\r\n\t\t\"transactionEntity\": [\r\n\t\t\t{\r\n\t\t\t\t\"prn\": \"202500001\",\r\n\t\t\t\t\"amount\": \"1000.90\",\r\n\t\t\t\t\"tin\": \"xx11uraadmin\"\r\n\t\t\t},\r\n\t\t\t{\r\n\t\t\t\t\"prn\": \"202500002\",\r\n\t\t\t\t\"amount\": \"3534.90\",\r\n\t\t\t\t\"tin\": \"xx11uraadmin\"\r\n\t\t\t},\r\n\t\t\t{\r\n\t\t\t\t\"prn\": \"202500003\",\r\n\t\t\t\t\"amount\": \"2423.90\",\r\n\t\t\t\t\"tin\": \"xx11uraadmin\"\r\n\t\t\t}\r\n\t\t]\r\n\t}\r\n}",
									"options": {
										"raw": {
											"language": "json"
										}
									}
								},
								"url": {
									"raw": "https://localhost:8243/utility_ura/api/notifyurapayment",
									"protocol": "https",
									"host": [
										"localhost"
									],
									"port": "8243",
									"path": [
										"utility_ura",
										"api",
										"notifyurapayment"
									]
								},
								"description": "Generated from cURL: curl --location 'https://localhost:8243/utility_bill_payments/api/umeme' \\\r\n\r\n--header 'Content-Type: application/json' \\\r\n\r\n--data '{\r\n\r\n    \"api_user\": \"aao_umeme\",\r\n\r\n    \"api_key\": \"eyJhbGciOiJIUzI1NiIsInR5cCI6IkpXVCJ9.eyJzdWIiOiIwNjExMzEyMDUzIiwibmFtZSI6ImFic2F1Z2FuZGEiLCJpYXQiOjE3MzA5NjY4NDV9.8B6aYY-FYRfqxAGjnHbMfp26DjTRte0lINYkR4cLBYE\",\r\n\r\n    \"method\": \"notify\",\r\n\r\n    \"data\": {\r\n\r\n        \"customer_ref\": \"102024222196\",\r\n\r\n        \"transaction_type\" :\"CASH\",\r\n\r\n        \"teller\": \"mark01\",\r\n\r\n        \"cheque_no\": \"\",\r\n\r\n        \"amount\": \"2000\",\r\n\r\n        \"narrative\": \"\",\r\n\r\n        \"customer_name\": \"BOGERE   JOHN\",\r\n\r\n        \"mobile_no\": \"0779280367\",\r\n\r\n        \"payment_date\": \"2024-1121\",\r\n\r\n        \"transaction_ref\": \"/20241121/14353074502\",\r\n\r\n        \"reversed_transaction_ref\": \"\",\r\n\r\n        \"reversal\": \"F\",\r\n\r\n        \"pay_offline\": \"F\",\r\n\r\n        \"customer_type\": \"PREPAID\",\r\n\r\n        \"verification_status_code\": \"0\",\r\n\r\n        \"verification_status_desc\": \"SUCCESS\"\r\n\r\n    }\r\n\r\n}'"
							},
							"response": []
						},
						{
							"name": "ura-open BOU",
							"request": {
								"method": "POST",
								"header": [
									{
										"key": "Content-Type",
										"value": "application/json"
									}
								],
								"body": {
									"mode": "raw",
									"raw": "{\r\n\t\"api_user\": \"aao_ura\",\r\n\t\"api_key\": \"eyJhbGciOiJIUzI1NiIsInR5cCI6IkpXVCJ9.eyJzdWIiOiIwNjExMzEyMDUzIiwibmFtZSI6ImFic2F1Z2FuZGEiLCJpYXQiOjE3MzA5NjY4NDV9.8B6aYY-FYRfqxAGjnHbMfp26DjTRte0lINYkR4cLBYE\",\r\n\t\"method\": \"notifyboutransfer\",\r\n\t\"data\": {\r\n\t\t\"bankCd\": \"100001\",\r\n\t\t\"loginId\": \"uraadmin\",\r\n\t\t\"passWd\": \"hjj20241121\",\r\n\t\t\"bouEntity\": [\r\n\t\t\t{\r\n\t\t\t\t\"sourceAccountNo\": \"74397349743943\",\r\n\t\t\t\t\"amount\": \"3535.76\"\r\n\t\t\t}\r\n\t\t]\r\n\t}\r\n}",
									"options": {
										"raw": {
											"language": "json"
										}
									}
								},
								"url": {
									"raw": "https://localhost:8243/utility_ura/api/notifyboutransfer",
									"protocol": "https",
									"host": [
										"localhost"
									],
									"port": "8243",
									"path": [
										"utility_ura",
										"api",
										"notifyboutransfer"
									]
								},
								"description": "Generated from cURL: curl --location 'https://localhost:8243/utility_bill_payments/api/umeme' \\\r\n\r\n--header 'Content-Type: application/json' \\\r\n\r\n--data '{\r\n\r\n    \"api_user\": \"aao_umeme\",\r\n\r\n    \"api_key\": \"eyJhbGciOiJIUzI1NiIsInR5cCI6IkpXVCJ9.eyJzdWIiOiIwNjExMzEyMDUzIiwibmFtZSI6ImFic2F1Z2FuZGEiLCJpYXQiOjE3MzA5NjY4NDV9.8B6aYY-FYRfqxAGjnHbMfp26DjTRte0lINYkR4cLBYE\",\r\n\r\n    \"method\": \"notify\",\r\n\r\n    \"data\": {\r\n\r\n        \"customer_ref\": \"102024222196\",\r\n\r\n        \"transaction_type\" :\"CASH\",\r\n\r\n        \"teller\": \"mark01\",\r\n\r\n        \"cheque_no\": \"\",\r\n\r\n        \"amount\": \"2000\",\r\n\r\n        \"narrative\": \"\",\r\n\r\n        \"customer_name\": \"BOGERE   JOHN\",\r\n\r\n        \"mobile_no\": \"0779280367\",\r\n\r\n        \"payment_date\": \"2024-1121\",\r\n\r\n        \"transaction_ref\": \"/20241121/14353074502\",\r\n\r\n        \"reversed_transaction_ref\": \"\",\r\n\r\n        \"reversal\": \"F\",\r\n\r\n        \"pay_offline\": \"F\",\r\n\r\n        \"customer_type\": \"PREPAID\",\r\n\r\n        \"verification_status_code\": \"0\",\r\n\r\n        \"verification_status_desc\": \"SUCCESS\"\r\n\r\n    }\r\n\r\n}'"
							},
							"response": []
						},
						{
							"name": "ura-open ENDDAY",
							"request": {
								"method": "POST",
								"header": [
									{
										"key": "Content-Type",
										"value": "application/json"
									}
								],
								"body": {
									"mode": "raw",
									"raw": "{\r\n\t\"api_user\": \"aao_ura\",\r\n\t\"api_key\": \"eyJhbGciOiJIUzI1NiIsInR5cCI6IkpXVCJ9.eyJzdWIiOiIwNjExMzEyMDUzIiwibmFtZSI6ImFic2F1Z2FuZGEiLCJpYXQiOjE3MzA5NjY4NDV9.8B6aYY-FYRfqxAGjnHbMfp26DjTRte0lINYkR4cLBYE\",\r\n\t\"method\": \"notifyendofday\",\r\n\t\"data\": {\r\n        \"loginId\": \"uraadmin\",\r\n        \"passWd\": \"hjj20241121\",\r\n\t\t\"xmlurl\": \"samename.xml\"\r\n\t}\r\n}",
									"options": {
										"raw": {
											"language": "json"
										}
									}
								},
								"url": {
									"raw": "https://localhost:8243/utility_ura/api/notifyendofday",
									"protocol": "https",
									"host": [
										"localhost"
									],
									"port": "8243",
									"path": [
										"utility_ura",
										"api",
										"notifyendofday"
									]
								},
								"description": "Generated from cURL: curl --location 'https://localhost:8243/utility_bill_payments/api/umeme' \\\r\n\r\n--header 'Content-Type: application/json' \\\r\n\r\n--data '{\r\n\r\n    \"api_user\": \"aao_umeme\",\r\n\r\n    \"api_key\": \"eyJhbGciOiJIUzI1NiIsInR5cCI6IkpXVCJ9.eyJzdWIiOiIwNjExMzEyMDUzIiwibmFtZSI6ImFic2F1Z2FuZGEiLCJpYXQiOjE3MzA5NjY4NDV9.8B6aYY-FYRfqxAGjnHbMfp26DjTRte0lINYkR4cLBYE\",\r\n\r\n    \"method\": \"notify\",\r\n\r\n    \"data\": {\r\n\r\n        \"customer_ref\": \"102024222196\",\r\n\r\n        \"transaction_type\" :\"CASH\",\r\n\r\n        \"teller\": \"mark01\",\r\n\r\n        \"cheque_no\": \"\",\r\n\r\n        \"amount\": \"2000\",\r\n\r\n        \"narrative\": \"\",\r\n\r\n        \"customer_name\": \"BOGERE   JOHN\",\r\n\r\n        \"mobile_no\": \"0779280367\",\r\n\r\n        \"payment_date\": \"2024-1121\",\r\n\r\n        \"transaction_ref\": \"/20241121/14353074502\",\r\n\r\n        \"reversed_transaction_ref\": \"\",\r\n\r\n        \"reversal\": \"F\",\r\n\r\n        \"pay_offline\": \"F\",\r\n\r\n        \"customer_type\": \"PREPAID\",\r\n\r\n        \"verification_status_code\": \"0\",\r\n\r\n        \"verification_status_desc\": \"SUCCESS\"\r\n\r\n    }\r\n\r\n}'"
							},
							"response": []
						},
						{
							"name": "ura-open STMT",
							"request": {
								"method": "POST",
								"header": [
									{
										"key": "Content-Type",
										"value": "application/json"
									}
								],
								"body": {
									"mode": "raw",
									"raw": "{\r\n\t\"api_user\": \"aao_ura\",\r\n\t\"api_key\": \"eyJhbGciOiJIUzI1NiIsInR5cCI6IkpXVCJ9.eyJzdWIiOiIwNjExMzEyMDUzIiwibmFtZSI6ImFic2F1Z2FuZGEiLCJpYXQiOjE3MzA5NjY4NDV9.8B6aYY-FYRfqxAGjnHbMfp26DjTRte0lINYkR4cLBYE\",\r\n\t\"method\": \"notifyebankstmt\",\r\n\t\"data\": {\r\n        \"loginId\": \"uraadmin\",\r\n        \"passWd\": \"hjj20241121\",\r\n\t\t\"xmlurl\": \"samename.xml\"\r\n\t}\r\n}",
									"options": {
										"raw": {
											"language": "json"
										}
									}
								},
								"url": {
									"raw": "https://localhost:8243/utility_ura/api/notifyebankstmt",
									"protocol": "https",
									"host": [
										"localhost"
									],
									"port": "8243",
									"path": [
										"utility_ura",
										"api",
										"notifyebankstmt"
									]
								},
								"description": "Generated from cURL: curl --location 'https://localhost:8243/utility_bill_payments/api/umeme' \\\r\n\r\n--header 'Content-Type: application/json' \\\r\n\r\n--data '{\r\n\r\n    \"api_user\": \"aao_umeme\",\r\n\r\n    \"api_key\": \"eyJhbGciOiJIUzI1NiIsInR5cCI6IkpXVCJ9.eyJzdWIiOiIwNjExMzEyMDUzIiwibmFtZSI6ImFic2F1Z2FuZGEiLCJpYXQiOjE3MzA5NjY4NDV9.8B6aYY-FYRfqxAGjnHbMfp26DjTRte0lINYkR4cLBYE\",\r\n\r\n    \"method\": \"notify\",\r\n\r\n    \"data\": {\r\n\r\n        \"customer_ref\": \"102024222196\",\r\n\r\n        \"transaction_type\" :\"CASH\",\r\n\r\n        \"teller\": \"mark01\",\r\n\r\n        \"cheque_no\": \"\",\r\n\r\n        \"amount\": \"2000\",\r\n\r\n        \"narrative\": \"\",\r\n\r\n        \"customer_name\": \"BOGERE   JOHN\",\r\n\r\n        \"mobile_no\": \"0779280367\",\r\n\r\n        \"payment_date\": \"2024-1121\",\r\n\r\n        \"transaction_ref\": \"/20241121/14353074502\",\r\n\r\n        \"reversed_transaction_ref\": \"\",\r\n\r\n        \"reversal\": \"F\",\r\n\r\n        \"pay_offline\": \"F\",\r\n\r\n        \"customer_type\": \"PREPAID\",\r\n\r\n        \"verification_status_code\": \"0\",\r\n\r\n        \"verification_status_desc\": \"SUCCESS\"\r\n\r\n    }\r\n\r\n}'"
							},
							"response": []
						}
					]
				}
			]
		},
		{
			"name": "java-ws",
			"item": [
				{
					"name": "countries",
					"request": {
						"auth": {
							"type": "noauth"
						},
						"method": "POST",
						"header": [
							{
								"key": "Content-Type",
								"value": "text/xml",
								"type": "text"
							},
							{
								"key": "Accept",
								"value": "text/xml",
								"type": "text"
							}
						],
						"body": {
							"mode": "raw",
							"raw": "<?xml version=\"1.0\" encoding=\"UTF-8\" ?>\r\n<soapenv:Envelope xmlns:soapenv=\"http://schemas.xmlsoap.org/soap/envelope/\" xmlns:gs=\"http://spring.io/guides/gs-producing-web-service\">\r\n   <soapenv:Header/>\r\n   <soapenv:Body>\r\n      <gs:getCountryRequest>\r\n         <gs:name>Spain</gs:name>\r\n      </gs:getCountryRequest>\r\n   </soapenv:Body>\r\n</soapenv:Envelope>",
							"options": {
								"raw": {
									"language": "xml"
								}
							}
						},
						"url": {
							"raw": "http://localhost:8080/ws",
							"protocol": "http",
							"host": [
								"localhost"
							],
							"port": "8080",
							"path": [
								"ws"
							]
						}
					},
					"response": []
				},
				{
					"name": "countries-wsdl",
					"request": {
						"method": "GET",
						"header": [],
						"url": {
							"raw": "http://localhost:8080/ws/countries.wsdl",
							"protocol": "http",
							"host": [
								"localhost"
							],
							"port": "8080",
							"path": [
								"ws",
								"countries.wsdl"
							]
						}
					},
					"response": []
				},
				{
					"name": "users",
					"request": {
						"auth": {
							"type": "noauth"
						},
						"method": "POST",
						"header": [
							{
								"key": "Content-Type",
								"value": "text/xml",
								"type": "text"
							},
							{
								"key": "Accept",
								"value": "text/xml",
								"type": "text"
							}
						],
						"body": {
							"mode": "raw",
							"raw": "<soapenv:Envelope xmlns:soapenv=\"http://schemas.xmlsoap.org/soap/envelope/\"\r\n                  xmlns:web=\"http://techprimers.com/spring-boot-soap-example\">\r\n    <soapenv:Header/>\r\n    <soapenv:Body>\r\n        <web:GetUraPRNRequest>\r\n            <web:prn>202500001</web:prn>\r\n            <web:bankCd>100001</web:bankCd>\r\n             <web:loginId>uraadmin</web:loginId>\r\n              <web:passWd>Samsdcfd</web:passWd>     \r\n             <web:apiUser>aao_ura</web:apiUser>\r\n            <web:apiKey>eyJhbGciOiJIUzI1NiIsInR5cCI6IkpXVCJ9.eyJzdWIiOiIwNjExMzEyMDUzIiwibmFtZSI6ImFic2F1Z2FuZGEiLCJpYXQiOjE3MzA5NjY4NDV9.8B6aYY-FYRfqxAGjnHbMfp26DjTRte0lINYkR4cLBYE</web:apiKey>\r\n             <web:method>ura</web:method>\r\n              <web:transactionRef>/20241121/14353074502</web:transactionRef>                 \r\n        </web:GetUraPRNRequest>\r\n    </soapenv:Body>\r\n</soapenv:Envelope>",
							"options": {
								"raw": {
									"language": "xml"
								}
							}
						},
						"url": {
							"raw": "http://localhost:8091/soapWS",
							"protocol": "http",
							"host": [
								"localhost"
							],
							"port": "8091",
							"path": [
								"soapWS"
							]
						}
					},
					"response": []
				},
				{
					"name": "users wsdl",
					"request": {
						"auth": {
							"type": "noauth"
						},
						"method": "GET",
						"header": [
							{
								"key": "Content-Type",
								"value": "text/xml",
								"type": "text"
							},
							{
								"key": "Accept",
								"value": "text/xml",
								"type": "text"
							}
						],
						"url": {
							"raw": "http://localhost:8091/soapWS/prns.wsdl",
							"protocol": "http",
							"host": [
								"localhost"
							],
							"port": "8091",
							"path": [
								"soapWS",
								"prns.wsdl"
							]
						}
					},
					"response": []
				},
				{
					"name": "users wso2",
					"request": {
						"auth": {
							"type": "noauth"
						},
						"method": "POST",
						"header": [
							{
								"key": "Content-Type",
								"value": "text/xml",
								"type": "text"
							},
							{
								"key": "Accept",
								"value": "text/xml",
								"type": "text"
							}
						],
						"body": {
							"mode": "raw",
							"raw": "<soapenv:Envelope xmlns:soapenv=\"http://schemas.xmlsoap.org/soap/envelope/\"\r\n                  xmlns:web=\"http://techprimers.com/spring-boot-soap-example\">\r\n    <soapenv:Header/>\r\n    <soapenv:Body>\r\n        <web:GetUraPRNRequest>\r\n            <web:prn>202500001</web:prn>\r\n            <web:bankCd>100001</web:bankCd>\r\n             <web:loginId>uraadmin</web:loginId>\r\n              <web:passWd>Samsdcfd</web:passWd>     \r\n             <web:apiUser>aao_ura</web:apiUser>\r\n            <web:apiKey>eyJhbGciOiJIUzI1NiIsInR5cCI6IkpXVCJ9.eyJzdWIiOiIwNjExMzEyMDUzIiwibmFtZSI6ImFic2F1Z2FuZGEiLCJpYXQiOjE3MzA5NjY4NDV9.8B6aYY-FYRfqxAGjnHbMfp26DjTRte0lINYkR4cLBYE</web:apiKey>\r\n             <web:method>ura</web:method>\r\n              <web:transactionRef>/20241121/14353074502</web:transactionRef>                 \r\n        </web:GetUraPRNRequest>\r\n    </soapenv:Body>\r\n</soapenv:Envelope>",
							"options": {
								"raw": {
									"language": "xml"
								}
							}
						},
						"url": {
							"raw": "http://localhost:8290/default/getUraPRN",
							"protocol": "http",
							"host": [
								"localhost"
							],
							"port": "8290",
							"path": [
								"default",
								"getUraPRN"
							]
						}
					},
					"response": []
				},
				{
					"name": "users2 wso2 deployed",
					"request": {
						"auth": {
							"type": "noauth"
						},
						"method": "POST",
						"header": [
							{
								"key": "Content-Type",
								"value": "text/xml",
								"type": "text"
							},
							{
								"key": "Accept",
								"value": "text/xml",
								"type": "text"
							}
						],
						"body": {
							"mode": "raw",
							"raw": "<soapenv:Envelope xmlns:soapenv=\"http://schemas.xmlsoap.org/soap/envelope/\"\r\n                  xmlns:web=\"http://techprimers.com/spring-boot-soap-example\">\r\n    <soapenv:Header/>\r\n    <soapenv:Body>\r\n        <web:GetUraPRNRequest>\r\n            <web:prn>202500001</web:prn>\r\n            <web:bankCd>100001</web:bankCd>\r\n             <web:loginId>uraadmin</web:loginId>\r\n              <web:passWd>Samsdcfd</web:passWd>     \r\n             <web:apiUser>aao_ura</web:apiUser>\r\n            <web:apiKey>eyJhbGciOiJIUzI1NiIsInR5cCI6IkpXVCJ9.eyJzdWIiOiIwNjExMzEyMDUzIiwibmFtZSI6ImFic2F1Z2FuZGEiLCJpYXQiOjE3MzA5NjY4NDV9.8B6aYY-FYRfqxAGjnHbMfp26DjTRte0lINYkR4cLBYE</web:apiKey>\r\n             <web:method>ura</web:method>\r\n              <web:transactionRef>/20241121/14353074502</web:transactionRef>                 \r\n        </web:GetUraPRNRequest>\r\n    </soapenv:Body>\r\n</soapenv:Envelope>",
							"options": {
								"raw": {
									"language": "xml"
								}
							}
						},
						"url": {
							"raw": "http://192.168.18.15:8280/utility_ura/api/ura",
							"protocol": "http",
							"host": [
								"192",
								"168",
								"18",
								"15"
							],
							"port": "8280",
							"path": [
								"utility_ura",
								"api",
								"ura"
							]
						}
					},
					"response": []
				}
			]
		},
		{
			"name": "umeme",
			"item": [
				{
					"name": "umeme-deployed",
					"request": {
						"method": "POST",
						"header": [
							{
								"key": "Content-Type",
								"value": "application/json"
							}
						],
						"body": {
							"mode": "raw",
							"raw": "{\r\n\r\n    \"api_user\": \"aao_umeme\",\r\n\r\n    \"api_key\": \"eyJhbGciOiJIUzI1NiIsInR5cCI6IkpXVCJ9.eyJzdWIiOiIwNjExMzEyMDUzIiwibmFtZSI6ImFic2F1Z2FuZGEiLCJpYXQiOjE3MzA5NjY4NDV9.8B6aYY-FYRfqxAGjnHbMfp26DjTRte0lINYkR4cLBYE\",\r\n\r\n    \"method\": \"notify\",\r\n\r\n    \"data\": {\r\n\r\n        \"customer_ref\": \"102024222196\",\r\n\r\n        \"transaction_type\" :\"CASH\",\r\n\r\n        \"teller\": \"mark01\",\r\n\r\n        \"cheque_no\": \"\",\r\n\r\n        \"amount\": \"2000\",\r\n\r\n        \"narrative\": \"\",\r\n\r\n        \"customer_name\": \"BOGERE   JOHN\",\r\n\r\n        \"mobile_no\": \"0779280367\",\r\n\r\n        \"payment_date\": \"2024-1121\",\r\n\r\n        \"transaction_ref\": \"/20241121/14353074502\",\r\n\r\n        \"reversed_transaction_ref\": \"\",\r\n\r\n        \"reversal\": \"F\",\r\n\r\n        \"pay_offline\": \"F\",\r\n\r\n        \"customer_type\": \"PREPAID\",\r\n\r\n        \"verification_status_code\": \"0\",\r\n\r\n        \"verification_status_desc\": \"SUCCESS\"\r\n\r\n    }\r\n\r\n}",
							"options": {
								"raw": {
									"language": "json"
								}
							}
						},
						"url": {
							"raw": "https://192.168.18.15:8243/utility_bill_payments/api/umeme",
							"protocol": "https",
							"host": [
								"192",
								"168",
								"18",
								"15"
							],
							"port": "8243",
							"path": [
								"utility_bill_payments",
								"api",
								"umeme"
							]
						},
						"description": "Generated from cURL: curl --location 'https://localhost:8243/utility_bill_payments/api/umeme' \\\r\n\r\n--header 'Content-Type: application/json' \\\r\n\r\n--data '{\r\n\r\n    \"api_user\": \"aao_umeme\",\r\n\r\n    \"api_key\": \"eyJhbGciOiJIUzI1NiIsInR5cCI6IkpXVCJ9.eyJzdWIiOiIwNjExMzEyMDUzIiwibmFtZSI6ImFic2F1Z2FuZGEiLCJpYXQiOjE3MzA5NjY4NDV9.8B6aYY-FYRfqxAGjnHbMfp26DjTRte0lINYkR4cLBYE\",\r\n\r\n    \"method\": \"notify\",\r\n\r\n    \"data\": {\r\n\r\n        \"customer_ref\": \"102024222196\",\r\n\r\n        \"transaction_type\" :\"CASH\",\r\n\r\n        \"teller\": \"mark01\",\r\n\r\n        \"cheque_no\": \"\",\r\n\r\n        \"amount\": \"2000\",\r\n\r\n        \"narrative\": \"\",\r\n\r\n        \"customer_name\": \"BOGERE   JOHN\",\r\n\r\n        \"mobile_no\": \"0779280367\",\r\n\r\n        \"payment_date\": \"2024-1121\",\r\n\r\n        \"transaction_ref\": \"/20241121/14353074502\",\r\n\r\n        \"reversed_transaction_ref\": \"\",\r\n\r\n        \"reversal\": \"F\",\r\n\r\n        \"pay_offline\": \"F\",\r\n\r\n        \"customer_type\": \"PREPAID\",\r\n\r\n        \"verification_status_code\": \"0\",\r\n\r\n        \"verification_status_desc\": \"SUCCESS\"\r\n\r\n    }\r\n\r\n}'"
					},
					"response": []
				},
				{
					"name": "ura-deployed",
					"request": {
						"method": "POST",
						"header": [
							{
								"key": "Content-Type",
								"value": "application/json"
							}
						],
						"body": {
							"mode": "raw",
							"raw": "{\r\n\r\n    \"api_user\": \"aao_ura\",\r\n\r\n    \"api_key\": \"eyJhbGciOiJIUzI1NiIsInR5cCI6IkpXVCJ9.eyJzdWIiOiIwNjExMzEyMDUzIiwibmFtZSI6ImFic2F1Z2FuZGEiLCJpYXQiOjE3MzA5NjY4NDV9.8B6aYY-FYRfqxAGjnHbMfp26DjTRte0lINYkR4cLBYE\",\r\n\r\n    \"method\": \"ura\",\r\n\r\n    \"data\": {\r\n\r\n        \"transaction_ref\": \"/20241121/14353074502\",\r\n\r\n         \"prn\": \"202500004\",\r\n\r\n        \"bankCd\": \"100001\",\r\n\r\n        \"loginId\": \"uraadmin\",\r\n\r\n        \"passWd\": \"hjj20241121\"\r\n\r\n\r\n    }\r\n\r\n}",
							"options": {
								"raw": {
									"language": "json"
								}
							}
						},
						"url": {
							"raw": "https://localhost:8243/utility_ura/api/ura",
							"protocol": "https",
							"host": [
								"localhost"
							],
							"port": "8243",
							"path": [
								"utility_ura",
								"api",
								"ura"
							]
						},
						"description": "Generated from cURL: curl --location 'https://localhost:8243/utility_bill_payments/api/umeme' \\\r\n\r\n--header 'Content-Type: application/json' \\\r\n\r\n--data '{\r\n\r\n    \"api_user\": \"aao_umeme\",\r\n\r\n    \"api_key\": \"eyJhbGciOiJIUzI1NiIsInR5cCI6IkpXVCJ9.eyJzdWIiOiIwNjExMzEyMDUzIiwibmFtZSI6ImFic2F1Z2FuZGEiLCJpYXQiOjE3MzA5NjY4NDV9.8B6aYY-FYRfqxAGjnHbMfp26DjTRte0lINYkR4cLBYE\",\r\n\r\n    \"method\": \"notify\",\r\n\r\n    \"data\": {\r\n\r\n        \"customer_ref\": \"102024222196\",\r\n\r\n        \"transaction_type\" :\"CASH\",\r\n\r\n        \"teller\": \"mark01\",\r\n\r\n        \"cheque_no\": \"\",\r\n\r\n        \"amount\": \"2000\",\r\n\r\n        \"narrative\": \"\",\r\n\r\n        \"customer_name\": \"BOGERE   JOHN\",\r\n\r\n        \"mobile_no\": \"0779280367\",\r\n\r\n        \"payment_date\": \"2024-1121\",\r\n\r\n        \"transaction_ref\": \"/20241121/14353074502\",\r\n\r\n        \"reversed_transaction_ref\": \"\",\r\n\r\n        \"reversal\": \"F\",\r\n\r\n        \"pay_offline\": \"F\",\r\n\r\n        \"customer_type\": \"PREPAID\",\r\n\r\n        \"verification_status_code\": \"0\",\r\n\r\n        \"verification_status_desc\": \"SUCCESS\"\r\n\r\n    }\r\n\r\n}'"
					},
					"response": []
				}
			]
		},
		{
			"name": "play",
			"item": [
				{
					"name": "emp-wsdl",
					"request": {
						"method": "GET",
						"header": [],
						"url": {
							"raw": "http://localhost:8081/soap/service/EmployeeService.wsdl",
							"protocol": "http",
							"host": [
								"localhost"
							],
							"port": "8081",
							"path": [
								"soap",
								"service",
								"EmployeeService.wsdl"
							]
						}
					},
					"response": []
				},
				{
					"name": "emp-EmployeeByIdRequest",
					"request": {
						"method": "POST",
						"header": [
							{
								"key": "Accept",
								"value": "text/xml",
								"type": "text"
							},
							{
								"key": "Content-Type",
								"value": "text/xml",
								"type": "text"
							}
						],
						"body": {
							"mode": "raw",
							"raw": "<soapenv:Envelope xmlns:soapenv=\"http://schemas.xmlsoap.org/soap/envelope/\" xmlns:emp=\"http://www.jpworks.com/employee\">\r\n   <soapenv:Header/>\r\n   <soapenv:Body>\r\n      <emp:EmployeeByIdRequest id=\"1\"/>\r\n   </soapenv:Body>\r\n</soapenv:Envelope>",
							"options": {
								"raw": {
									"language": "xml"
								}
							}
						},
						"url": {
							"raw": "http://localhost:8081/soap/service/EmployeeService",
							"protocol": "http",
							"host": [
								"localhost"
							],
							"port": "8081",
							"path": [
								"soap",
								"service",
								"EmployeeService"
							]
						}
					},
					"response": []
				},
				{
					"name": "emp-EmployeeByNameRequest",
					"request": {
						"method": "POST",
						"header": [
							{
								"key": "Accept",
								"value": "text/xml",
								"type": "text"
							},
							{
								"key": "Content-Type",
								"value": "text/xml",
								"type": "text"
							}
						],
						"body": {
							"mode": "raw",
							"raw": "<soapenv:Envelope xmlns:soapenv=\"http://schemas.xmlsoap.org/soap/envelope/\" xmlns:emp=\"http://www.jpworks.com/employee\">\r\n   <soapenv:Header/>\r\n   <soapenv:Body>\r\n      <emp:EmployeeByNameRequest firstname=\"John\" lastname=\"Miller\"/>\r\n   </soapenv:Body>\r\n</soapenv:Envelope>",
							"options": {
								"raw": {
									"language": "xml"
								}
							}
						},
						"url": {
							"raw": "http://localhost:8081/soap/service/EmployeeService",
							"protocol": "http",
							"host": [
								"localhost"
							],
							"port": "8081",
							"path": [
								"soap",
								"service",
								"EmployeeService"
							]
						}
					},
					"response": []
				}
			]
		},
		{
			"name": "extras",
			"item": [
				{
					"name": "users wso2 Copy",
					"request": {
						"auth": {
							"type": "noauth"
						},
						"method": "POST",
						"header": [
							{
								"key": "Content-Type",
								"value": "text/xml",
								"type": "text"
							},
							{
								"key": "Accept",
								"value": "text/xml",
								"type": "text"
							}
						],
						"body": {
							"mode": "raw",
							"raw": "<soapenv:Envelope xmlns:soapenv=\"http://schemas.xmlsoap.org/soap/envelope/\"\r\n                  xmlns:web=\"http://techprimers.com/spring-boot-soap-example\">\r\n    <soapenv:Header/>\r\n    <soapenv:Body>\r\n        <web:GetUraPRNRequest>\r\n            <web:prn>202500001</web:prn>\r\n            <web:bankCd>100001</web:bankCd>\r\n             <web:loginId>uraadmin</web:loginId>\r\n              <web:passWd>Samsdcfd</web:passWd>     \r\n             <web:apiUser>aao_ura</web:apiUser>\r\n            <web:apiKey>eyJhbGciOiJIUzI1NiIsInR5cCI6IkpXVCJ9.eyJzdWIiOiIwNjExMzEyMDUzIiwibmFtZSI6ImFic2F1Z2FuZGEiLCJpYXQiOjE3MzA5NjY4NDV9.8B6aYY-FYRfqxAGjnHbMfp26DjTRte0lINYkR4cLBYE</web:apiKey>\r\n             <web:method>ura</web:method>\r\n              <web:transactionRef>/20241121/14353074502</web:transactionRef>                 \r\n        </web:GetUraPRNRequest>\r\n    </soapenv:Body>\r\n</soapenv:Envelope>",
							"options": {
								"raw": {
									"language": "xml"
								}
							}
						},
						"url": {
							"raw": "http://localhost:8290/default/getUraPRN",
							"protocol": "http",
							"host": [
								"localhost"
							],
							"port": "8290",
							"path": [
								"default",
								"getUraPRN"
							]
						}
					},
					"response": []
				},
				{
					"name": "employee-wsdl",
					"request": {
						"method": "GET",
						"header": [],
						"url": {
							"raw": "http://localhost:8080/ws/dataset.wsdl",
							"protocol": "http",
							"host": [
								"localhost"
							],
							"port": "8080",
							"path": [
								"ws",
								"dataset.wsdl"
							]
						}
					},
					"response": []
				},
				{
					"name": "employee-sucseed",
					"request": {
						"method": "POST",
						"header": [
							{
								"key": "Accept",
								"value": "text/xml",
								"type": "text"
							},
							{
								"key": "Content-Type",
								"value": "text/xml",
								"type": "text"
							}
						],
						"body": {
							"mode": "raw",
							"raw": "<?xml version=\"1.0\" encoding=\"UTF-8\" ?>\r\n<soapenv:Envelope xmlns:soapenv=\"http://schemas.xmlsoap.org/soap/envelope/\" xmlns:dataset=\"http://www.yuelchen.com/soap/dataset\">\r\n   <soapenv:Header/>\r\n   <soapenv:Body>\r\n      <dataset:DatasetRequest>\r\n         <dataset:datasetName>DSET90000001</dataset:datasetName>\r\n\t <dataset:datasetDescription>This is a test dataset.</dataset:datasetDescription>\r\n\t <dataset:datasetFieldsCount>3</dataset:datasetFieldsCount>\r\n      </dataset:DatasetRequest>\r\n   </soapenv:Body>\r\n</soapenv:Envelope>\r\n",
							"options": {
								"raw": {
									"language": "xml"
								}
							}
						},
						"url": {
							"raw": "http://localhost:8080/ws",
							"protocol": "http",
							"host": [
								"localhost"
							],
							"port": "8080",
							"path": [
								"ws"
							]
						}
					},
					"response": []
				},
				{
					"name": "employee-sucseed wso2",
					"request": {
						"method": "POST",
						"header": [
							{
								"key": "Accept",
								"value": "text/xml",
								"type": "text"
							},
							{
								"key": "Content-Type",
								"value": "text/xml",
								"type": "text"
							}
						],
						"body": {
							"mode": "raw",
							"raw": "<?xml version=\"1.0\" encoding=\"UTF-8\" ?>\r\n<soapenv:Envelope xmlns:soapenv=\"http://schemas.xmlsoap.org/soap/envelope/\" xmlns:dataset=\"http://www.yuelchen.com/soap/dataset\">\r\n   <soapenv:Header/>\r\n   <soapenv:Body>\r\n      <dataset:DatasetRequest>\r\n         <dataset:datasetName>DSET90000001</dataset:datasetName>\r\n\t <dataset:datasetDescription>This is a test dataset.</dataset:datasetDescription>\r\n\t <dataset:datasetFieldsCount>3</dataset:datasetFieldsCount>\r\n      </dataset:DatasetRequest>\r\n   </soapenv:Body>\r\n</soapenv:Envelope>\r\n",
							"options": {
								"raw": {
									"language": "xml"
								}
							}
						},
						"url": {
							"raw": "http://localhost:8080/ws",
							"protocol": "http",
							"host": [
								"localhost"
							],
							"port": "8080",
							"path": [
								"ws"
							]
						}
					},
					"response": []
				},
				{
					"name": "employee-fail",
					"request": {
						"method": "POST",
						"header": [
							{
								"key": "Accept",
								"value": "text/xml",
								"type": "text"
							},
							{
								"key": "Content-Type",
								"value": "text/xml",
								"type": "text"
							}
						],
						"body": {
							"mode": "raw",
							"raw": "<?xml version=\"1.0\" encoding=\"UTF-8\" ?>\r\n<soapenv:Envelope xmlns:soapenv=\"http://schemas.xmlsoap.org/soap/envelope/\" xmlns:dataset=\"http://www.yuelchen.com/soap/dataset\">\r\n   <soapenv:Header/>\r\n   <soapenv:Body>\r\n      <dataset:DatasetRequest>\r\n         <dataset:datasetName>DSET0001</dataset:datasetName>\r\n\t <dataset:datasetDescription></dataset:datasetDescription>\r\n\t <dataset:datasetFieldsCount>0</dataset:datasetFieldsCount>\r\n      </dataset:DatasetRequest>\r\n   </soapenv:Body>\r\n</soapenv:Envelope>\r\n",
							"options": {
								"raw": {
									"language": "xml"
								}
							}
						},
						"url": {
							"raw": "http://localhost:8080/ws",
							"protocol": "http",
							"host": [
								"localhost"
							],
							"port": "8080",
							"path": [
								"ws"
							]
						}
					},
					"response": []
				},
				{
					"name": "New Request",
					"request": {
						"method": "GET",
						"header": []
					},
					"response": []
				}
			]
		}
	]
}